-- ==========================================
-- FAKE DATA FOR CA_db
-- Generated using Python + Faker
-- ==========================================

USE CA_db;

-- ROLES
INSERT INTO ca_roles (role_id, role_name) VALUES (1, 'Admin');
INSERT INTO ca_roles (role_id, role_name) VALUES (2, 'Pharmacist');
INSERT INTO ca_roles (role_id, role_name) VALUES (3, 'Cashier');
INSERT INTO ca_roles (role_id, role_name) VALUES (4, 'Manager');

-- USERS
INSERT INTO ca_users (user_id, username, password_hash, role_id, created_at) VALUES (1, 'jenningshenry', '364b970d4123ab492bb8811e5bb187be1e3e04504af17001535f71bb003cb345', 1, '2024-07-13 15:49:39');
INSERT INTO ca_users (user_id, username, password_hash, role_id, created_at) VALUES (2, 'daviesjanice', 'eff3cfda4c3ba15ea3e712126f43fe74f72330166e4d48e6a32e8f5523f8e016', 1, '2025-02-17 23:50:42');
INSERT INTO ca_users (user_id, username, password_hash, role_id, created_at) VALUES (3, 'hollandcharlie', 'af738b28e0a93deae4483d186d93ab0ae1300f80dbd1bf73b8b367a58cb3cb4b', 3, '2025-07-07 21:05:41');
INSERT INTO ca_users (user_id, username, password_hash, role_id, created_at) VALUES (4, 'moorefrancesca', 'c638a6858506086d5687b1ecb43c859eefd9919ac9b43a5745863f22f615b049', 2, '2025-02-16 03:04:06');
INSERT INTO ca_users (user_id, username, password_hash, role_id, created_at) VALUES (5, 'lucywright', 'e5c3a3eab2dfaa06909c048da252ff9c315b6946a2ab2418bd99c755caeefa94', 2, '2024-04-01 07:47:52');
INSERT INTO ca_users (user_id, username, password_hash, role_id, created_at) VALUES (6, 'ameliaoliver', '23c760a2a63fe3ddbfafc9dfdc23dd46efc18b856351d200d0e84d1212733c41', 2, '2024-09-10 12:23:29');
INSERT INTO ca_users (user_id, username, password_hash, role_id, created_at) VALUES (7, 'timothy16', 'd246541e19cfec795a65143f6ab5a47d2b84e253b6be8df430a5a36f6859117d', 1, '2026-01-14 13:05:32');
INSERT INTO ca_users (user_id, username, password_hash, role_id, created_at) VALUES (8, 'rachael40', '82f6a5dbff87da01f016e11ce370ae7eea2e1d53820cafa5b6ddd511cbdece9a', 1, '2025-05-17 18:40:06');

-- PRODUCTS
INSERT INTO ca_products (product_id, product_name, price, vat_rate, description) VALUES (1, 'Blood Pressure Monitor D433', 3.84, 0.00, 'Aspernatur eos occaecati suscipit facere deleniti architecto optio quo voluptates.');
INSERT INTO ca_products (product_id, product_name, price, vat_rate, description) VALUES (2, 'Eye Drops H617', 3.45, 0.00, 'Fugit iste rerum cum explicabo pariatur praesentium.');
INSERT INTO ca_products (product_id, product_name, price, vat_rate, description) VALUES (3, 'Throat Lozenges V430', 17.70, 20.00, 'Non cupiditate quas cum fugit voluptatibus.');
INSERT INTO ca_products (product_id, product_name, price, vat_rate, description) VALUES (4, 'Paracetamol U778', 60.73, 20.00, 'Dolor eveniet quisquam animi reprehenderit rem illo architecto totam necessitatibus quaerat distinctio libero.');
INSERT INTO ca_products (product_id, product_name, price, vat_rate, description) VALUES (5, 'Allergy Relief U160', 17.33, 5.00, 'Corporis consequuntur quia molestiae quia incidunt nesciunt facere voluptatum consequuntur laudantium.');
INSERT INTO ca_products (product_id, product_name, price, vat_rate, description) VALUES (6, 'Face Mask Y100', 27.88, 5.00, 'Similique corrupti cum perspiciatis nisi harum.');
INSERT INTO ca_products (product_id, product_name, price, vat_rate, description) VALUES (7, 'Ibuprofen T748', 35.27, 0.00, 'Minus voluptas similique accusamus quam placeat modi eaque odit beatae ipsa.');
INSERT INTO ca_products (product_id, product_name, price, vat_rate, description) VALUES (8, 'Vitamin C O566', 23.05, 20.00, 'Veritatis soluta ea magnam debitis totam.');
INSERT INTO ca_products (product_id, product_name, price, vat_rate, description) VALUES (9, 'Blood Pressure Monitor U197', 53.29, 0.00, 'Sapiente magni dicta fugiat cum veritatis ullam ullam nobis.');
INSERT INTO ca_products (product_id, product_name, price, vat_rate, description) VALUES (10, 'Pain Relief Gel P82', 64.37, 0.00, 'Beatae facilis voluptates rem dolores dolores.');
INSERT INTO ca_products (product_id, product_name, price, vat_rate, description) VALUES (11, 'Calcium Tablets S651', 62.81, 0.00, 'Assumenda laborum architecto quis quisquam consectetur labore.');
INSERT INTO ca_products (product_id, product_name, price, vat_rate, description) VALUES (12, 'Thermometer R687', 21.12, 20.00, 'Eaque sit incidunt distinctio molestiae quas dicta est.');
INSERT INTO ca_products (product_id, product_name, price, vat_rate, description) VALUES (13, 'Plasters V651', 14.08, 20.00, 'Ipsa maxime commodi dolore excepturi nihil dolorem dolore architecto occaecati.');
INSERT INTO ca_products (product_id, product_name, price, vat_rate, description) VALUES (14, 'Calcium Tablets H389', 21.34, 20.00, 'Temporibus similique architecto dolores pariatur distinctio.');
INSERT INTO ca_products (product_id, product_name, price, vat_rate, description) VALUES (15, 'Nasal Spray E702', 25.33, 0.00, 'Nemo doloribus labore illum atque omnis explicabo illum sint amet officiis officia aperiam.');
INSERT INTO ca_products (product_id, product_name, price, vat_rate, description) VALUES (16, 'Multivitamins X411', 21.18, 0.00, 'Reiciendis autem deleniti modi consequuntur delectus iure soluta asperiores repellat.');
INSERT INTO ca_products (product_id, product_name, price, vat_rate, description) VALUES (17, 'Multivitamins R218', 49.67, 5.00, 'Amet voluptatum saepe voluptas unde sed cumque.');
INSERT INTO ca_products (product_id, product_name, price, vat_rate, description) VALUES (18, 'Calcium Tablets P147', 20.97, 0.00, 'Distinctio id animi fugiat voluptates eaque quos iste in vero voluptatum nam.');
INSERT INTO ca_products (product_id, product_name, price, vat_rate, description) VALUES (19, 'Throat Lozenges W270', 56.41, 5.00, 'Culpa error voluptas neque molestiae quibusdam animi nesciunt magnam sequi culpa vero.');
INSERT INTO ca_products (product_id, product_name, price, vat_rate, description) VALUES (20, 'Face Mask C371', 17.62, 0.00, 'Architecto architecto similique illo velit necessitatibus neque aliquam.');
INSERT INTO ca_products (product_id, product_name, price, vat_rate, description) VALUES (21, 'Vitamin C C774', 4.96, 0.00, 'Omnis natus et ea pariatur et eaque consectetur officia itaque ut.');
INSERT INTO ca_products (product_id, product_name, price, vat_rate, description) VALUES (22, 'Antiseptic Cream C812', 51.52, 20.00, 'Itaque voluptatum voluptatum asperiores distinctio eaque.');
INSERT INTO ca_products (product_id, product_name, price, vat_rate, description) VALUES (23, 'Face Mask L611', 74.71, 20.00, 'Sunt fuga culpa rerum provident nostrum.');
INSERT INTO ca_products (product_id, product_name, price, vat_rate, description) VALUES (24, 'Paracetamol Z697', 54.47, 20.00, 'Ab repellendus error optio vel consequatur blanditiis autem mollitia earum non quaerat.');
INSERT INTO ca_products (product_id, product_name, price, vat_rate, description) VALUES (25, 'Allergy Relief G788', 48.61, 0.00, 'Magnam dolorum tenetur amet odio repudiandae aliquid ex consectetur.');
INSERT INTO ca_products (product_id, product_name, price, vat_rate, description) VALUES (26, 'Antiseptic Cream I465', 1.74, 20.00, 'Qui mollitia incidunt ab asperiores sunt temporibus molestias.');
INSERT INTO ca_products (product_id, product_name, price, vat_rate, description) VALUES (27, 'Allergy Relief L996', 38.29, 0.00, 'Mollitia inventore aliquam facilis ut voluptas aliquam facere placeat pariatur explicabo nam soluta.');
INSERT INTO ca_products (product_id, product_name, price, vat_rate, description) VALUES (28, 'Pain Relief Gel T862', 48.46, 20.00, 'Unde dolores cum reiciendis debitis impedit debitis.');
INSERT INTO ca_products (product_id, product_name, price, vat_rate, description) VALUES (29, 'First Aid Kit K781', 13.37, 20.00, 'Rem sint repellat eaque ratione autem sit similique dolore repellendus itaque.');
INSERT INTO ca_products (product_id, product_name, price, vat_rate, description) VALUES (30, 'Plasters J332', 37.41, 0.00, 'Dolore optio id eius architecto quo expedita magni.');
INSERT INTO ca_products (product_id, product_name, price, vat_rate, description) VALUES (31, 'Pain Relief Gel V246', 5.76, 20.00, 'Ex adipisci soluta ea neque voluptates alias nisi exercitationem ratione ipsa voluptates.');
INSERT INTO ca_products (product_id, product_name, price, vat_rate, description) VALUES (32, 'Vitamin C D750', 37.22, 0.00, 'Tempore deleniti aliquid ipsa maxime rem porro velit qui deserunt.');
INSERT INTO ca_products (product_id, product_name, price, vat_rate, description) VALUES (33, 'Throat Lozenges N785', 10.74, 20.00, 'Veniam ullam numquam optio commodi tempore.');
INSERT INTO ca_products (product_id, product_name, price, vat_rate, description) VALUES (34, 'Antiseptic Cream Q272', 40.28, 20.00, 'Pariatur eveniet possimus mollitia deleniti pariatur fugit quibusdam cupiditate.');
INSERT INTO ca_products (product_id, product_name, price, vat_rate, description) VALUES (35, 'Throat Lozenges S774', 55.15, 0.00, 'Illo rerum esse distinctio ratione non eum ipsam perferendis.');
INSERT INTO ca_products (product_id, product_name, price, vat_rate, description) VALUES (36, 'Face Mask Q688', 49.27, 5.00, 'Recusandae vero quasi omnis eligendi optio nulla at veritatis doloremque est rem.');
INSERT INTO ca_products (product_id, product_name, price, vat_rate, description) VALUES (37, 'Calcium Tablets E124', 19.72, 0.00, 'Aliquid voluptates nostrum quisquam iste suscipit.');
INSERT INTO ca_products (product_id, product_name, price, vat_rate, description) VALUES (38, 'Blood Pressure Monitor S568', 18.41, 0.00, 'Quaerat fugit id corporis porro tempora similique suscipit.');
INSERT INTO ca_products (product_id, product_name, price, vat_rate, description) VALUES (39, 'Ibuprofen Y235', 6.45, 0.00, 'Dolor rem possimus iure nam totam commodi consequatur iure minus nam.');
INSERT INTO ca_products (product_id, product_name, price, vat_rate, description) VALUES (40, 'Vitamin C K527', 18.99, 20.00, 'Nostrum quaerat magnam rerum molestias tempore quia labore ea doloribus odit.');

-- STOCK
INSERT INTO ca_stock (product_id, quantity, low_stock_threshold) VALUES (1, 55, 11);
INSERT INTO ca_stock (product_id, quantity, low_stock_threshold) VALUES (2, 202, 15);
INSERT INTO ca_stock (product_id, quantity, low_stock_threshold) VALUES (3, 75, 29);
INSERT INTO ca_stock (product_id, quantity, low_stock_threshold) VALUES (4, 108, 20);
INSERT INTO ca_stock (product_id, quantity, low_stock_threshold) VALUES (5, 26, 11);
INSERT INTO ca_stock (product_id, quantity, low_stock_threshold) VALUES (6, 176, 12);
INSERT INTO ca_stock (product_id, quantity, low_stock_threshold) VALUES (7, 291, 9);
INSERT INTO ca_stock (product_id, quantity, low_stock_threshold) VALUES (8, 193, 9);
INSERT INTO ca_stock (product_id, quantity, low_stock_threshold) VALUES (9, 178, 7);
INSERT INTO ca_stock (product_id, quantity, low_stock_threshold) VALUES (10, 95, 14);
INSERT INTO ca_stock (product_id, quantity, low_stock_threshold) VALUES (11, 94, 30);
INSERT INTO ca_stock (product_id, quantity, low_stock_threshold) VALUES (12, 165, 8);
INSERT INTO ca_stock (product_id, quantity, low_stock_threshold) VALUES (13, 62, 21);
INSERT INTO ca_stock (product_id, quantity, low_stock_threshold) VALUES (14, 176, 29);
INSERT INTO ca_stock (product_id, quantity, low_stock_threshold) VALUES (15, 98, 22);
INSERT INTO ca_stock (product_id, quantity, low_stock_threshold) VALUES (16, 231, 28);
INSERT INTO ca_stock (product_id, quantity, low_stock_threshold) VALUES (17, 246, 21);
INSERT INTO ca_stock (product_id, quantity, low_stock_threshold) VALUES (18, 190, 6);
INSERT INTO ca_stock (product_id, quantity, low_stock_threshold) VALUES (19, 284, 26);
INSERT INTO ca_stock (product_id, quantity, low_stock_threshold) VALUES (20, 149, 15);
INSERT INTO ca_stock (product_id, quantity, low_stock_threshold) VALUES (21, 39, 29);
INSERT INTO ca_stock (product_id, quantity, low_stock_threshold) VALUES (22, 16, 24);
INSERT INTO ca_stock (product_id, quantity, low_stock_threshold) VALUES (23, 106, 9);
INSERT INTO ca_stock (product_id, quantity, low_stock_threshold) VALUES (24, 229, 24);
INSERT INTO ca_stock (product_id, quantity, low_stock_threshold) VALUES (25, 72, 17);
INSERT INTO ca_stock (product_id, quantity, low_stock_threshold) VALUES (26, 223, 9);
INSERT INTO ca_stock (product_id, quantity, low_stock_threshold) VALUES (27, 118, 10);
INSERT INTO ca_stock (product_id, quantity, low_stock_threshold) VALUES (28, 47, 10);
INSERT INTO ca_stock (product_id, quantity, low_stock_threshold) VALUES (29, 234, 27);
INSERT INTO ca_stock (product_id, quantity, low_stock_threshold) VALUES (30, 237, 29);
INSERT INTO ca_stock (product_id, quantity, low_stock_threshold) VALUES (31, 288, 24);
INSERT INTO ca_stock (product_id, quantity, low_stock_threshold) VALUES (32, 247, 30);
INSERT INTO ca_stock (product_id, quantity, low_stock_threshold) VALUES (33, 121, 10);
INSERT INTO ca_stock (product_id, quantity, low_stock_threshold) VALUES (34, 106, 28);
INSERT INTO ca_stock (product_id, quantity, low_stock_threshold) VALUES (35, 181, 19);
INSERT INTO ca_stock (product_id, quantity, low_stock_threshold) VALUES (36, 230, 6);
INSERT INTO ca_stock (product_id, quantity, low_stock_threshold) VALUES (37, 132, 18);
INSERT INTO ca_stock (product_id, quantity, low_stock_threshold) VALUES (38, 0, 16);
INSERT INTO ca_stock (product_id, quantity, low_stock_threshold) VALUES (39, 236, 26);
INSERT INTO ca_stock (product_id, quantity, low_stock_threshold) VALUES (40, 124, 28);

-- CUSTOMERS
INSERT INTO ca_customers (firstname, surname, dob, email, phone, houseNumber, postcode, account_holder, credit_limit, outstanding_balance, account_status) VALUES ('Maria', 'Jones', '1967-10-17', 'chloe14@example.org', '+44(0)118 496 0558', 139, 'G2 6FH', TRUE, 1474.37, 1300.96, 'SUSPENDED');
INSERT INTO ca_customers (firstname, surname, dob, email, phone, houseNumber, postcode, account_holder, credit_limit, outstanding_balance, account_status) VALUES ('Philip', 'Allan', '1980-04-07', 'nsanderson@example.com', '(0141) 496 0909', 63, 'LS05 6SX', FALSE, 0.00, 0.00, 'SUSPENDED');
INSERT INTO ca_customers (firstname, surname, dob, email, phone, houseNumber, postcode, account_holder, credit_limit, outstanding_balance, account_status) VALUES ('Janice', 'Roberts', '1965-04-01', 'blloyd@example.com', '+44113 4960656', 49, 'DA7E 6YY', TRUE, 284.17, 122.49, 'SUSPENDED');
INSERT INTO ca_customers (firstname, surname, dob, email, phone, houseNumber, postcode, account_holder, credit_limit, outstanding_balance, account_status) VALUES ('Cheryl', 'Payne', '1993-07-26', 'bethanyclayton@example.com', '0141 4960537', 106, 'HR6 6LD', FALSE, 0.00, 0.00, 'ACTIVE');
INSERT INTO ca_customers (firstname, surname, dob, email, phone, houseNumber, postcode, account_holder, credit_limit, outstanding_balance, account_status) VALUES ('Pauline', 'Brown', '1942-04-28', 'francis10@example.org', '(0118) 496 0309', 173, 'L27 9HT', TRUE, 215.16, 156.68, 'ACTIVE');
INSERT INTO ca_customers (firstname, surname, dob, email, phone, houseNumber, postcode, account_holder, credit_limit, outstanding_balance, account_status) VALUES ('Beth', 'Smith', '1985-06-09', 'lyndajenkins@example.net', '(01632) 960 124', 64, 'B4 6HD', TRUE, 461.40, 206.99, 'SUSPENDED');
INSERT INTO ca_customers (firstname, surname, dob, email, phone, houseNumber, postcode, account_holder, credit_limit, outstanding_balance, account_status) VALUES ('Jenna', 'Marshall', '1968-04-14', 'harrisonjosh@example.net', '+44(0)20 7496 0190', 47, 'NN6 1WP', FALSE, 0.00, 0.00, 'SUSPENDED');
INSERT INTO ca_customers (firstname, surname, dob, email, phone, houseNumber, postcode, account_holder, credit_limit, outstanding_balance, account_status) VALUES ('James', 'Baker', '2001-12-13', 'williamslinda@example.net', '+448081570726', 64, 'M98 7SY', TRUE, 941.95, 811.35, 'ACTIVE');
INSERT INTO ca_customers (firstname, surname, dob, email, phone, houseNumber, postcode, account_holder, credit_limit, outstanding_balance, account_status) VALUES ('Max', 'Stanley', '1968-08-23', 'whitebarbara@example.org', '0306 999 0799', 13, 'IM5A 5GU', TRUE, 1941.09, 1798.16, 'ACTIVE');
INSERT INTO ca_customers (firstname, surname, dob, email, phone, houseNumber, postcode, account_holder, credit_limit, outstanding_balance, account_status) VALUES ('Phillip', 'Evans', '1970-05-24', 'leonard94@example.net', '01134960831', 43, 'S78 7UT', FALSE, 0.00, 0.00, 'SUSPENDED');
INSERT INTO ca_customers (firstname, surname, dob, email, phone, houseNumber, postcode, account_holder, credit_limit, outstanding_balance, account_status) VALUES ('Andrew', 'Green', '1965-05-23', 'tmarshall@example.net', '(020) 74960578', 124, 'N6T 5TL', TRUE, 1742.84, 1572.81, 'ACTIVE');
INSERT INTO ca_customers (firstname, surname, dob, email, phone, houseNumber, postcode, account_holder, credit_limit, outstanding_balance, account_status) VALUES ('Stewart', 'Smith', '1951-08-27', 'guybaldwin@example.net', '(0306) 999 0233', 98, 'LS4Y 1HN', TRUE, 1972.09, 523.00, 'SUSPENDED');
INSERT INTO ca_customers (firstname, surname, dob, email, phone, houseNumber, postcode, account_holder, credit_limit, outstanding_balance, account_status) VALUES ('Julian', 'Evans', '1976-05-15', 'waltersmalcolm@example.com', '+44(0)1134960084', 74, 'CO7B 9NU', FALSE, 0.00, 0.00, 'SUSPENDED');
INSERT INTO ca_customers (firstname, surname, dob, email, phone, houseNumber, postcode, account_holder, credit_limit, outstanding_balance, account_status) VALUES ('Catherine', 'Williams', '1960-04-28', 'smithlesley@example.org', '+44808 157 0167', 40, 'B2 9ND', TRUE, 663.74, 642.97, 'ACTIVE');
INSERT INTO ca_customers (firstname, surname, dob, email, phone, houseNumber, postcode, account_holder, credit_limit, outstanding_balance, account_status) VALUES ('Frederick', 'Iqbal', '1991-11-16', 'zoepalmer@example.com', '(0121) 4960964', 192, 'B9T 3HL', FALSE, 0.00, 0.00, 'ACTIVE');
INSERT INTO ca_customers (firstname, surname, dob, email, phone, houseNumber, postcode, account_holder, credit_limit, outstanding_balance, account_status) VALUES ('Irene', 'Francis', '1967-11-17', 'lynntucker@example.org', '+441414960797', 13, 'BD3 4TD', FALSE, 0.00, 0.00, 'ACTIVE');
INSERT INTO ca_customers (firstname, surname, dob, email, phone, houseNumber, postcode, account_holder, credit_limit, outstanding_balance, account_status) VALUES ('Joyce', 'Barnes', '1971-03-29', 'dianeclark@example.org', '+44(0)28 9018 0242', 15, 'B2 9YN', TRUE, 1717.55, 117.69, 'ACTIVE');
INSERT INTO ca_customers (firstname, surname, dob, email, phone, houseNumber, postcode, account_holder, credit_limit, outstanding_balance, account_status) VALUES ('Jennifer', 'Harvey', '1976-08-14', 'ghewitt@example.net', '+44161 496 0719', 173, 'S5 0DJ', TRUE, 867.17, 816.52, 'ACTIVE');
INSERT INTO ca_customers (firstname, surname, dob, email, phone, houseNumber, postcode, account_holder, credit_limit, outstanding_balance, account_status) VALUES ('Frances', 'Lee', '1938-01-21', 'melissa02@example.com', '0191 498 0742', 149, 'S7B 5SP', TRUE, 1276.82, 535.27, 'ACTIVE');
INSERT INTO ca_customers (firstname, surname, dob, email, phone, houseNumber, postcode, account_holder, credit_limit, outstanding_balance, account_status) VALUES ('Danny', 'Davies', '1957-02-13', 'victoria74@example.net', '+44141 496 0807', 240, 'N4 1RW', FALSE, 0.00, 0.00, 'ACTIVE');
INSERT INTO ca_customers (firstname, surname, dob, email, phone, houseNumber, postcode, account_holder, credit_limit, outstanding_balance, account_status) VALUES ('David', 'Moss', '1998-02-08', 'hholloway@example.com', '(028) 9018 0770', 172, 'M82 7UE', FALSE, 0.00, 0.00, 'ACTIVE');
INSERT INTO ca_customers (firstname, surname, dob, email, phone, houseNumber, postcode, account_holder, credit_limit, outstanding_balance, account_status) VALUES ('Matthew', 'Simpson', '1967-10-20', 'graemewalton@example.net', '+441414960131', 68, 'CM27 8LS', FALSE, 0.00, 0.00, 'ACTIVE');
INSERT INTO ca_customers (firstname, surname, dob, email, phone, houseNumber, postcode, account_holder, credit_limit, outstanding_balance, account_status) VALUES ('Pamela', 'Robinson', '1968-05-27', 'yfisher@example.org', '+44(0)20 7496 0821', 172, 'TD6 8LA', FALSE, 0.00, 0.00, 'SUSPENDED');
INSERT INTO ca_customers (firstname, surname, dob, email, phone, houseNumber, postcode, account_holder, credit_limit, outstanding_balance, account_status) VALUES ('Lawrence', 'Wood', '2001-11-15', 'katiepowell@example.com', '0131 4960886', 81, 'HG33 3SB', TRUE, 117.70, 73.11, 'ACTIVE');
INSERT INTO ca_customers (firstname, surname, dob, email, phone, houseNumber, postcode, account_holder, credit_limit, outstanding_balance, account_status) VALUES ('Elliott', 'Morris', '1987-02-13', 'yscott@example.net', '01164960702', 19, 'N1W 1WT', TRUE, 1061.18, 140.56, 'ACTIVE');
INSERT INTO ca_customers (firstname, surname, dob, email, phone, houseNumber, postcode, account_holder, credit_limit, outstanding_balance, account_status) VALUES ('Stephen', 'Wood', '1991-01-12', 'keithjones@example.com', '01314960961', 226, 'WF8 5UX', TRUE, 1770.61, 654.29, 'ACTIVE');
INSERT INTO ca_customers (firstname, surname, dob, email, phone, houseNumber, postcode, account_holder, credit_limit, outstanding_balance, account_status) VALUES ('Alan', 'Richards', '1967-03-09', 'julian16@example.org', '03069990172', 113, 'GU0A 0NQ', FALSE, 0.00, 0.00, 'ACTIVE');
INSERT INTO ca_customers (firstname, surname, dob, email, phone, houseNumber, postcode, account_holder, credit_limit, outstanding_balance, account_status) VALUES ('Karen', 'Crawford', '1968-06-20', 'yarmstrong@example.org', '+44116 4960219', 171, 'PR37 3TL', FALSE, 0.00, 0.00, 'ACTIVE');
INSERT INTO ca_customers (firstname, surname, dob, email, phone, houseNumber, postcode, account_holder, credit_limit, outstanding_balance, account_status) VALUES ('Kelly', 'Smith', '1936-07-06', 'rhutchinson@example.net', '(0116) 4960175', 241, 'M6T 7NH', TRUE, 602.49, 536.04, 'ACTIVE');
INSERT INTO ca_customers (firstname, surname, dob, email, phone, houseNumber, postcode, account_holder, credit_limit, outstanding_balance, account_status) VALUES ('Jacqueline', 'Davis', '1949-09-30', 'margaretbradshaw@example.net', '(0121) 496 0406', 70, 'AL9 9UN', FALSE, 0.00, 0.00, 'ACTIVE');
INSERT INTO ca_customers (firstname, surname, dob, email, phone, houseNumber, postcode, account_holder, credit_limit, outstanding_balance, account_status) VALUES ('Bernard', 'Jenkins', '1983-03-08', 'heatherbates@example.com', '(029)2018210', 184, 'TN7 9QF', FALSE, 0.00, 0.00, 'ACTIVE');
INSERT INTO ca_customers (firstname, surname, dob, email, phone, houseNumber, postcode, account_holder, credit_limit, outstanding_balance, account_status) VALUES ('George', 'Walker', '1979-09-13', 'ijarvis@example.net', '+449098790588', 176, 'WA2 7NP', FALSE, 0.00, 0.00, 'SUSPENDED');
INSERT INTO ca_customers (firstname, surname, dob, email, phone, houseNumber, postcode, account_holder, credit_limit, outstanding_balance, account_status) VALUES ('Geoffrey', 'Jones', '1945-06-25', 'erictaylor@example.net', '(029) 2018685', 65, 'S0 8ET', TRUE, 275.37, 116.64, 'ACTIVE');
INSERT INTO ca_customers (firstname, surname, dob, email, phone, houseNumber, postcode, account_holder, credit_limit, outstanding_balance, account_status) VALUES ('Laura', 'Davies', '1970-11-30', 'xfuller@example.org', '(029) 2018370', 12, 'N9D 7NS', TRUE, 733.76, 95.99, 'ACTIVE');
INSERT INTO ca_customers (firstname, surname, dob, email, phone, houseNumber, postcode, account_holder, credit_limit, outstanding_balance, account_status) VALUES ('Connor', 'Davidson', '1940-04-18', 'valerie11@example.org', '+44(0)9098790826', 42, 'IG86 6EU', FALSE, 0.00, 0.00, 'SUSPENDED');
INSERT INTO ca_customers (firstname, surname, dob, email, phone, houseNumber, postcode, account_holder, credit_limit, outstanding_balance, account_status) VALUES ('Amber', 'Miles', '1973-04-21', 'marshallcharlie@example.com', '(0151)4960351', 144, 'IG8X 0RL', TRUE, 312.56, 295.39, 'ACTIVE');
INSERT INTO ca_customers (firstname, surname, dob, email, phone, houseNumber, postcode, account_holder, credit_limit, outstanding_balance, account_status) VALUES ('Karl', 'Morgan', '1997-02-13', 'adamsjemma@example.net', '+442074960005', 140, 'G93 8HY', TRUE, 1685.73, 981.95, 'ACTIVE');
INSERT INTO ca_customers (firstname, surname, dob, email, phone, houseNumber, postcode, account_holder, credit_limit, outstanding_balance, account_status) VALUES ('Robin', 'Bradley', '1966-12-11', 'sean90@example.com', '(0909) 879 0228', 111, 'TR2 0FA', TRUE, 179.47, 65.44, 'ACTIVE');
INSERT INTO ca_customers (firstname, surname, dob, email, phone, houseNumber, postcode, account_holder, credit_limit, outstanding_balance, account_status) VALUES ('Sarah', 'Pearson', '1967-08-13', 'andrew24@example.org', '+441154960681', 231, 'BR7R 8YE', FALSE, 0.00, 0.00, 'ACTIVE');
INSERT INTO ca_customers (firstname, surname, dob, email, phone, houseNumber, postcode, account_holder, credit_limit, outstanding_balance, account_status) VALUES ('Alison', 'Heath', '1941-02-18', 'clare00@example.com', '0909 879 0661', 175, 'SP71 5ZF', TRUE, 1367.17, 483.54, 'SUSPENDED');
INSERT INTO ca_customers (firstname, surname, dob, email, phone, houseNumber, postcode, account_holder, credit_limit, outstanding_balance, account_status) VALUES ('Gary', 'Clarke', '1979-06-29', 'hturner@example.com', '+441514960896', 250, 'E8 6TJ', TRUE, 1858.95, 440.08, 'ACTIVE');
INSERT INTO ca_customers (firstname, surname, dob, email, phone, houseNumber, postcode, account_holder, credit_limit, outstanding_balance, account_status) VALUES ('Amy', 'Cook', '1996-12-14', 'gsanderson@example.com', '0151 4960545', 250, 'W11 1SE', TRUE, 1774.69, 43.99, 'ACTIVE');
INSERT INTO ca_customers (firstname, surname, dob, email, phone, houseNumber, postcode, account_holder, credit_limit, outstanding_balance, account_status) VALUES ('Christine', 'Barker', '1943-05-25', 'vanessa16@example.com', '+44909 8790604', 201, 'M5B 2UJ', FALSE, 0.00, 0.00, 'ACTIVE');
INSERT INTO ca_customers (firstname, surname, dob, email, phone, houseNumber, postcode, account_holder, credit_limit, outstanding_balance, account_status) VALUES ('Raymond', 'Dodd', '1985-04-04', 'cartermarion@example.org', '08081570689', 69, 'B9S 0GL', TRUE, 1596.01, 172.52, 'ACTIVE');
INSERT INTO ca_customers (firstname, surname, dob, email, phone, houseNumber, postcode, account_holder, credit_limit, outstanding_balance, account_status) VALUES ('Rita', 'Carter', '1981-06-25', 'thomas22@example.net', '029 2018 0612', 220, 'RH0B 6ST', FALSE, 0.00, 0.00, 'ACTIVE');
INSERT INTO ca_customers (firstname, surname, dob, email, phone, houseNumber, postcode, account_holder, credit_limit, outstanding_balance, account_status) VALUES ('Maurice', 'Fraser', '1977-08-24', 'kirsty91@example.org', '(0116) 496 0290', 52, 'BT4R 7ZT', FALSE, 0.00, 0.00, 'ACTIVE');
INSERT INTO ca_customers (firstname, surname, dob, email, phone, houseNumber, postcode, account_holder, credit_limit, outstanding_balance, account_status) VALUES ('Elizabeth', 'Robertson', '2004-12-17', 'wardjamie@example.com', '(029)2018978', 79, 'HA0H 9BA', TRUE, 523.55, 345.56, 'SUSPENDED');
INSERT INTO ca_customers (firstname, surname, dob, email, phone, houseNumber, postcode, account_holder, credit_limit, outstanding_balance, account_status) VALUES ('Dennis', 'Atkins', '1963-12-25', 'conorharris@example.org', '0113 4960762', 85, 'S83 1RB', FALSE, 0.00, 0.00, 'ACTIVE');
INSERT INTO ca_customers (firstname, surname, dob, email, phone, houseNumber, postcode, account_holder, credit_limit, outstanding_balance, account_status) VALUES ('Amanda', 'Brown', '1945-10-30', 'beverley69@example.com', '01632 960641', 248, 'BA52 5DS', FALSE, 0.00, 0.00, 'ACTIVE');
INSERT INTO ca_customers (firstname, surname, dob, email, phone, houseNumber, postcode, account_holder, credit_limit, outstanding_balance, account_status) VALUES ('Kenneth', 'Smith', '1989-09-25', 'byrnedylan@example.net', '01314960352', 165, 'E8 5QF', FALSE, 0.00, 0.00, 'ACTIVE');
INSERT INTO ca_customers (firstname, surname, dob, email, phone, houseNumber, postcode, account_holder, credit_limit, outstanding_balance, account_status) VALUES ('Damian', 'Webb', '1970-01-26', 'kylefoster@example.net', '+44114 4960277', 241, 'W9S 5FT', TRUE, 319.15, 309.70, 'ACTIVE');
INSERT INTO ca_customers (firstname, surname, dob, email, phone, houseNumber, postcode, account_holder, credit_limit, outstanding_balance, account_status) VALUES ('Joseph', 'Jones', '1976-06-12', 'marie05@example.net', '+44114 496 0477', 149, 'B5 1DZ', FALSE, 0.00, 0.00, 'ACTIVE');
INSERT INTO ca_customers (firstname, surname, dob, email, phone, houseNumber, postcode, account_holder, credit_limit, outstanding_balance, account_status) VALUES ('Marilyn', 'O''Sullivan', '1998-03-17', 'poweralexandra@example.net', '0117 496 0597', 28, 'G0H 5DW', FALSE, 0.00, 0.00, 'ACTIVE');
INSERT INTO ca_customers (firstname, surname, dob, email, phone, houseNumber, postcode, account_holder, credit_limit, outstanding_balance, account_status) VALUES ('Leah', 'Thompson', '1968-12-13', 'hscott@example.net', '028 9018 0255', 187, 'IP6 9BP', FALSE, 0.00, 0.00, 'SUSPENDED');
INSERT INTO ca_customers (firstname, surname, dob, email, phone, houseNumber, postcode, account_holder, credit_limit, outstanding_balance, account_status) VALUES ('Gary', 'Sheppard', '1987-11-05', 'howard92@example.com', '+441144960925', 156, 'SA6 9DN', TRUE, 831.87, 479.65, 'ACTIVE');
INSERT INTO ca_customers (firstname, surname, dob, email, phone, houseNumber, postcode, account_holder, credit_limit, outstanding_balance, account_status) VALUES ('Yvonne', 'Patel', '1979-12-09', 'vanessacampbell@example.net', '+4429 2018816', 12, 'N0F 2HP', FALSE, 0.00, 0.00, 'ACTIVE');
INSERT INTO ca_customers (firstname, surname, dob, email, phone, houseNumber, postcode, account_holder, credit_limit, outstanding_balance, account_status) VALUES ('Danielle', 'Lucas', '1953-12-15', 'martindoyle@example.org', '+44(0)161 496 0880', 134, 'HR9E 2GG', TRUE, 792.02, 55.42, 'ACTIVE');
INSERT INTO ca_customers (firstname, surname, dob, email, phone, houseNumber, postcode, account_holder, credit_limit, outstanding_balance, account_status) VALUES ('Hazel', 'Vaughan', '1957-10-05', 'xthomas@example.net', '(01632) 960379', 160, 'SY7 8JN', FALSE, 0.00, 0.00, 'ACTIVE');
INSERT INTO ca_customers (firstname, surname, dob, email, phone, houseNumber, postcode, account_holder, credit_limit, outstanding_balance, account_status) VALUES ('Pauline', 'Cooke', '1961-08-21', 'josephine97@example.com', '(0306) 9990468', 185, 'S2W 9FL', FALSE, 0.00, 0.00, 'ACTIVE');
INSERT INTO ca_customers (firstname, surname, dob, email, phone, houseNumber, postcode, account_holder, credit_limit, outstanding_balance, account_status) VALUES ('Lee', 'Hart', '1985-10-03', 'ellisgeorgia@example.org', '0121 496 0124', 171, 'ZE82 1JT', FALSE, 0.00, 0.00, 'ACTIVE');

-- CHECKOUTS
INSERT INTO ca_checkouts (checkout_id, customer_id, checkout_status, created_at, checked_out_at) VALUES (1, 26, 'ABANDONED', '2026-03-06 01:45:33', '2026-03-14 13:24:26');
INSERT INTO ca_checkouts (checkout_id, customer_id, checkout_status, created_at, checked_out_at) VALUES (2, 51, 'ABANDONED', '2025-06-22 17:15:54', '2025-07-03 15:59:31');
INSERT INTO ca_checkouts (checkout_id, customer_id, checkout_status, created_at, checked_out_at) VALUES (3, 27, 'ABANDONED', '2025-10-13 16:03:43', '2026-02-02 07:58:38');
INSERT INTO ca_checkouts (checkout_id, customer_id, checkout_status, created_at, checked_out_at) VALUES (4, 40, 'ABANDONED', '2025-10-25 13:37:45', '2025-12-30 07:22:25');
INSERT INTO ca_checkouts (checkout_id, customer_id, checkout_status, created_at, checked_out_at) VALUES (5, 10, 'ABANDONED', '2025-09-13 05:05:39', '2026-02-15 13:34:02');
INSERT INTO ca_checkouts (checkout_id, customer_id, checkout_status, created_at, checked_out_at) VALUES (6, 4, 'OPEN', '2026-01-10 04:32:31', NULL);
INSERT INTO ca_checkouts (checkout_id, customer_id, checkout_status, created_at, checked_out_at) VALUES (7, 28, 'COMPLETED', '2026-02-01 15:39:13', '2026-02-09 16:09:08');
INSERT INTO ca_checkouts (checkout_id, customer_id, checkout_status, created_at, checked_out_at) VALUES (8, 47, 'OPEN', '2026-01-03 21:18:04', NULL);
INSERT INTO ca_checkouts (checkout_id, customer_id, checkout_status, created_at, checked_out_at) VALUES (9, 49, 'COMPLETED', '2025-09-17 03:57:45', '2025-09-25 09:21:06');
INSERT INTO ca_checkouts (checkout_id, customer_id, checkout_status, created_at, checked_out_at) VALUES (10, 54, 'OPEN', '2025-08-18 14:03:07', NULL);
INSERT INTO ca_checkouts (checkout_id, customer_id, checkout_status, created_at, checked_out_at) VALUES (11, NULL, 'ABANDONED', '2026-01-22 11:36:17', '2026-02-16 18:07:25');
INSERT INTO ca_checkouts (checkout_id, customer_id, checkout_status, created_at, checked_out_at) VALUES (12, 24, 'OPEN', '2026-02-21 03:40:54', NULL);
INSERT INTO ca_checkouts (checkout_id, customer_id, checkout_status, created_at, checked_out_at) VALUES (13, 55, 'OPEN', '2026-01-28 11:13:23', NULL);
INSERT INTO ca_checkouts (checkout_id, customer_id, checkout_status, created_at, checked_out_at) VALUES (14, 40, 'ABANDONED', '2025-11-20 04:11:03', '2025-12-06 21:58:38');
INSERT INTO ca_checkouts (checkout_id, customer_id, checkout_status, created_at, checked_out_at) VALUES (15, 36, 'OPEN', '2025-04-22 01:13:44', NULL);
INSERT INTO ca_checkouts (checkout_id, customer_id, checkout_status, created_at, checked_out_at) VALUES (16, 36, 'ABANDONED', '2025-12-01 23:26:30', '2025-12-16 09:04:32');
INSERT INTO ca_checkouts (checkout_id, customer_id, checkout_status, created_at, checked_out_at) VALUES (17, 8, 'ABANDONED', '2025-09-11 12:42:24', '2026-03-25 19:44:12');
INSERT INTO ca_checkouts (checkout_id, customer_id, checkout_status, created_at, checked_out_at) VALUES (18, 7, 'OPEN', '2026-02-17 17:21:39', NULL);
INSERT INTO ca_checkouts (checkout_id, customer_id, checkout_status, created_at, checked_out_at) VALUES (19, 39, 'ABANDONED', '2025-05-17 07:14:27', '2026-03-08 17:09:08');
INSERT INTO ca_checkouts (checkout_id, customer_id, checkout_status, created_at, checked_out_at) VALUES (20, 20, 'ABANDONED', '2025-08-18 10:05:49', '2026-03-06 10:03:34');
INSERT INTO ca_checkouts (checkout_id, customer_id, checkout_status, created_at, checked_out_at) VALUES (21, 51, 'ABANDONED', '2025-10-05 17:09:37', '2026-01-29 17:47:58');
INSERT INTO ca_checkouts (checkout_id, customer_id, checkout_status, created_at, checked_out_at) VALUES (22, NULL, 'COMPLETED', '2026-01-18 04:04:23', '2026-02-26 07:43:23');
INSERT INTO ca_checkouts (checkout_id, customer_id, checkout_status, created_at, checked_out_at) VALUES (23, 29, 'COMPLETED', '2025-05-16 11:38:30', '2025-06-23 00:46:42');
INSERT INTO ca_checkouts (checkout_id, customer_id, checkout_status, created_at, checked_out_at) VALUES (24, 43, 'OPEN', '2025-10-07 17:28:34', NULL);
INSERT INTO ca_checkouts (checkout_id, customer_id, checkout_status, created_at, checked_out_at) VALUES (25, 17, 'COMPLETED', '2026-03-09 09:00:10', '2026-03-21 21:18:23');
INSERT INTO ca_checkouts (checkout_id, customer_id, checkout_status, created_at, checked_out_at) VALUES (26, 27, 'OPEN', '2025-05-20 19:15:55', NULL);
INSERT INTO ca_checkouts (checkout_id, customer_id, checkout_status, created_at, checked_out_at) VALUES (27, 29, 'ABANDONED', '2026-02-12 04:37:43', '2026-03-08 22:29:18');
INSERT INTO ca_checkouts (checkout_id, customer_id, checkout_status, created_at, checked_out_at) VALUES (28, 32, 'ABANDONED', '2025-11-07 04:11:01', '2026-02-27 08:09:18');
INSERT INTO ca_checkouts (checkout_id, customer_id, checkout_status, created_at, checked_out_at) VALUES (29, 13, 'ABANDONED', '2025-06-23 21:16:07', '2025-07-13 19:56:00');
INSERT INTO ca_checkouts (checkout_id, customer_id, checkout_status, created_at, checked_out_at) VALUES (30, 37, 'COMPLETED', '2025-07-31 18:05:36', '2026-02-02 12:50:02');
INSERT INTO ca_checkouts (checkout_id, customer_id, checkout_status, created_at, checked_out_at) VALUES (31, 43, 'ABANDONED', '2025-10-17 14:12:51', '2025-12-29 18:20:41');
INSERT INTO ca_checkouts (checkout_id, customer_id, checkout_status, created_at, checked_out_at) VALUES (32, 7, 'ABANDONED', '2025-07-27 08:47:54', '2025-10-02 14:58:31');
INSERT INTO ca_checkouts (checkout_id, customer_id, checkout_status, created_at, checked_out_at) VALUES (33, 41, 'ABANDONED', '2025-09-22 00:47:12', '2026-03-18 03:35:36');
INSERT INTO ca_checkouts (checkout_id, customer_id, checkout_status, created_at, checked_out_at) VALUES (34, 58, 'OPEN', '2025-10-30 06:09:24', NULL);
INSERT INTO ca_checkouts (checkout_id, customer_id, checkout_status, created_at, checked_out_at) VALUES (35, 23, 'COMPLETED', '2025-07-21 10:37:33', '2025-10-16 18:32:18');

-- CHECKOUT ITEMS
INSERT INTO ca_checkout_items (checkout_item_id, checkout_id, product_id, quantity, base_unit_price, final_unit_price, deal_checked) VALUES (1, 1, 36, 4, 49.27, 49.27, FALSE);
INSERT INTO ca_checkout_items (checkout_item_id, checkout_id, product_id, quantity, base_unit_price, final_unit_price, deal_checked) VALUES (2, 1, 9, 2, 53.29, 53.29, FALSE);
INSERT INTO ca_checkout_items (checkout_item_id, checkout_id, product_id, quantity, base_unit_price, final_unit_price, deal_checked) VALUES (3, 1, 13, 4, 14.08, 12.67, TRUE);
INSERT INTO ca_checkout_items (checkout_item_id, checkout_id, product_id, quantity, base_unit_price, final_unit_price, deal_checked) VALUES (4, 2, 21, 4, 4.96, 4.96, TRUE);
INSERT INTO ca_checkout_items (checkout_item_id, checkout_id, product_id, quantity, base_unit_price, final_unit_price, deal_checked) VALUES (5, 2, 30, 3, 37.41, 37.41, TRUE);
INSERT INTO ca_checkout_items (checkout_item_id, checkout_id, product_id, quantity, base_unit_price, final_unit_price, deal_checked) VALUES (6, 2, 29, 3, 13.37, 13.37, TRUE);
INSERT INTO ca_checkout_items (checkout_item_id, checkout_id, product_id, quantity, base_unit_price, final_unit_price, deal_checked) VALUES (7, 2, 14, 1, 21.34, 18.14, TRUE);
INSERT INTO ca_checkout_items (checkout_item_id, checkout_id, product_id, quantity, base_unit_price, final_unit_price, deal_checked) VALUES (8, 2, 33, 1, 10.74, 10.74, FALSE);
INSERT INTO ca_checkout_items (checkout_item_id, checkout_id, product_id, quantity, base_unit_price, final_unit_price, deal_checked) VALUES (9, 3, 13, 2, 14.08, 14.08, TRUE);
INSERT INTO ca_checkout_items (checkout_item_id, checkout_id, product_id, quantity, base_unit_price, final_unit_price, deal_checked) VALUES (10, 3, 25, 4, 48.61, 38.89, TRUE);
INSERT INTO ca_checkout_items (checkout_item_id, checkout_id, product_id, quantity, base_unit_price, final_unit_price, deal_checked) VALUES (11, 3, 32, 4, 37.22, 37.22, TRUE);
INSERT INTO ca_checkout_items (checkout_item_id, checkout_id, product_id, quantity, base_unit_price, final_unit_price, deal_checked) VALUES (12, 3, 26, 4, 1.74, 1.74, TRUE);
INSERT INTO ca_checkout_items (checkout_item_id, checkout_id, product_id, quantity, base_unit_price, final_unit_price, deal_checked) VALUES (13, 3, 16, 3, 21.18, 21.18, FALSE);
INSERT INTO ca_checkout_items (checkout_item_id, checkout_id, product_id, quantity, base_unit_price, final_unit_price, deal_checked) VALUES (14, 4, 28, 4, 48.46, 48.46, FALSE);
INSERT INTO ca_checkout_items (checkout_item_id, checkout_id, product_id, quantity, base_unit_price, final_unit_price, deal_checked) VALUES (15, 4, 36, 2, 49.27, 49.27, FALSE);
INSERT INTO ca_checkout_items (checkout_item_id, checkout_id, product_id, quantity, base_unit_price, final_unit_price, deal_checked) VALUES (16, 4, 29, 4, 13.37, 12.03, TRUE);
INSERT INTO ca_checkout_items (checkout_item_id, checkout_id, product_id, quantity, base_unit_price, final_unit_price, deal_checked) VALUES (17, 4, 11, 3, 62.81, 53.39, TRUE);
INSERT INTO ca_checkout_items (checkout_item_id, checkout_id, product_id, quantity, base_unit_price, final_unit_price, deal_checked) VALUES (18, 4, 31, 1, 5.76, 4.90, TRUE);
INSERT INTO ca_checkout_items (checkout_item_id, checkout_id, product_id, quantity, base_unit_price, final_unit_price, deal_checked) VALUES (19, 5, 5, 4, 17.33, 17.33, FALSE);
INSERT INTO ca_checkout_items (checkout_item_id, checkout_id, product_id, quantity, base_unit_price, final_unit_price, deal_checked) VALUES (20, 5, 27, 4, 38.29, 38.29, FALSE);
INSERT INTO ca_checkout_items (checkout_item_id, checkout_id, product_id, quantity, base_unit_price, final_unit_price, deal_checked) VALUES (21, 6, 25, 4, 48.61, 48.61, FALSE);
INSERT INTO ca_checkout_items (checkout_item_id, checkout_id, product_id, quantity, base_unit_price, final_unit_price, deal_checked) VALUES (22, 6, 38, 1, 18.41, 18.41, FALSE);
INSERT INTO ca_checkout_items (checkout_item_id, checkout_id, product_id, quantity, base_unit_price, final_unit_price, deal_checked) VALUES (23, 6, 2, 3, 3.45, 3.45, FALSE);
INSERT INTO ca_checkout_items (checkout_item_id, checkout_id, product_id, quantity, base_unit_price, final_unit_price, deal_checked) VALUES (24, 6, 37, 4, 19.72, 19.72, TRUE);
INSERT INTO ca_checkout_items (checkout_item_id, checkout_id, product_id, quantity, base_unit_price, final_unit_price, deal_checked) VALUES (25, 7, 25, 3, 48.61, 48.61, FALSE);
INSERT INTO ca_checkout_items (checkout_item_id, checkout_id, product_id, quantity, base_unit_price, final_unit_price, deal_checked) VALUES (26, 8, 9, 4, 53.29, 45.30, TRUE);
INSERT INTO ca_checkout_items (checkout_item_id, checkout_id, product_id, quantity, base_unit_price, final_unit_price, deal_checked) VALUES (27, 8, 40, 4, 18.99, 16.14, TRUE);
INSERT INTO ca_checkout_items (checkout_item_id, checkout_id, product_id, quantity, base_unit_price, final_unit_price, deal_checked) VALUES (28, 8, 35, 2, 55.15, 55.15, FALSE);
INSERT INTO ca_checkout_items (checkout_item_id, checkout_id, product_id, quantity, base_unit_price, final_unit_price, deal_checked) VALUES (29, 8, 2, 3, 3.45, 3.45, FALSE);
INSERT INTO ca_checkout_items (checkout_item_id, checkout_id, product_id, quantity, base_unit_price, final_unit_price, deal_checked) VALUES (30, 9, 27, 4, 38.29, 38.29, TRUE);
INSERT INTO ca_checkout_items (checkout_item_id, checkout_id, product_id, quantity, base_unit_price, final_unit_price, deal_checked) VALUES (31, 9, 17, 3, 49.67, 49.67, TRUE);
INSERT INTO ca_checkout_items (checkout_item_id, checkout_id, product_id, quantity, base_unit_price, final_unit_price, deal_checked) VALUES (32, 9, 6, 1, 27.88, 27.88, TRUE);
INSERT INTO ca_checkout_items (checkout_item_id, checkout_id, product_id, quantity, base_unit_price, final_unit_price, deal_checked) VALUES (33, 10, 10, 2, 64.37, 64.37, FALSE);
INSERT INTO ca_checkout_items (checkout_item_id, checkout_id, product_id, quantity, base_unit_price, final_unit_price, deal_checked) VALUES (34, 10, 16, 3, 21.18, 21.18, FALSE);
INSERT INTO ca_checkout_items (checkout_item_id, checkout_id, product_id, quantity, base_unit_price, final_unit_price, deal_checked) VALUES (35, 10, 9, 2, 53.29, 53.29, TRUE);
INSERT INTO ca_checkout_items (checkout_item_id, checkout_id, product_id, quantity, base_unit_price, final_unit_price, deal_checked) VALUES (36, 10, 31, 3, 5.76, 5.76, TRUE);
INSERT INTO ca_checkout_items (checkout_item_id, checkout_id, product_id, quantity, base_unit_price, final_unit_price, deal_checked) VALUES (37, 10, 8, 4, 23.05, 23.05, FALSE);
INSERT INTO ca_checkout_items (checkout_item_id, checkout_id, product_id, quantity, base_unit_price, final_unit_price, deal_checked) VALUES (38, 11, 5, 2, 17.33, 17.33, TRUE);
INSERT INTO ca_checkout_items (checkout_item_id, checkout_id, product_id, quantity, base_unit_price, final_unit_price, deal_checked) VALUES (39, 11, 38, 1, 18.41, 15.65, TRUE);
INSERT INTO ca_checkout_items (checkout_item_id, checkout_id, product_id, quantity, base_unit_price, final_unit_price, deal_checked) VALUES (40, 12, 22, 4, 51.52, 51.52, FALSE);
INSERT INTO ca_checkout_items (checkout_item_id, checkout_id, product_id, quantity, base_unit_price, final_unit_price, deal_checked) VALUES (41, 12, 1, 4, 3.84, 3.84, TRUE);
INSERT INTO ca_checkout_items (checkout_item_id, checkout_id, product_id, quantity, base_unit_price, final_unit_price, deal_checked) VALUES (42, 12, 27, 3, 38.29, 38.29, FALSE);
INSERT INTO ca_checkout_items (checkout_item_id, checkout_id, product_id, quantity, base_unit_price, final_unit_price, deal_checked) VALUES (43, 12, 32, 4, 37.22, 37.22, FALSE);
INSERT INTO ca_checkout_items (checkout_item_id, checkout_id, product_id, quantity, base_unit_price, final_unit_price, deal_checked) VALUES (44, 12, 7, 3, 35.27, 35.27, FALSE);
INSERT INTO ca_checkout_items (checkout_item_id, checkout_id, product_id, quantity, base_unit_price, final_unit_price, deal_checked) VALUES (45, 13, 18, 4, 20.97, 20.97, TRUE);
INSERT INTO ca_checkout_items (checkout_item_id, checkout_id, product_id, quantity, base_unit_price, final_unit_price, deal_checked) VALUES (46, 14, 22, 2, 51.52, 51.52, FALSE);
INSERT INTO ca_checkout_items (checkout_item_id, checkout_id, product_id, quantity, base_unit_price, final_unit_price, deal_checked) VALUES (47, 14, 2, 2, 3.45, 3.45, FALSE);
INSERT INTO ca_checkout_items (checkout_item_id, checkout_id, product_id, quantity, base_unit_price, final_unit_price, deal_checked) VALUES (48, 14, 32, 3, 37.22, 37.22, FALSE);
INSERT INTO ca_checkout_items (checkout_item_id, checkout_id, product_id, quantity, base_unit_price, final_unit_price, deal_checked) VALUES (49, 14, 21, 3, 4.96, 4.96, FALSE);
INSERT INTO ca_checkout_items (checkout_item_id, checkout_id, product_id, quantity, base_unit_price, final_unit_price, deal_checked) VALUES (50, 15, 13, 2, 14.08, 14.08, FALSE);
INSERT INTO ca_checkout_items (checkout_item_id, checkout_id, product_id, quantity, base_unit_price, final_unit_price, deal_checked) VALUES (51, 15, 6, 4, 27.88, 27.88, FALSE);
INSERT INTO ca_checkout_items (checkout_item_id, checkout_id, product_id, quantity, base_unit_price, final_unit_price, deal_checked) VALUES (52, 15, 16, 1, 21.18, 18.00, TRUE);
INSERT INTO ca_checkout_items (checkout_item_id, checkout_id, product_id, quantity, base_unit_price, final_unit_price, deal_checked) VALUES (53, 15, 27, 2, 38.29, 38.29, FALSE);
INSERT INTO ca_checkout_items (checkout_item_id, checkout_id, product_id, quantity, base_unit_price, final_unit_price, deal_checked) VALUES (54, 15, 32, 3, 37.22, 37.22, FALSE);
INSERT INTO ca_checkout_items (checkout_item_id, checkout_id, product_id, quantity, base_unit_price, final_unit_price, deal_checked) VALUES (55, 16, 28, 3, 48.46, 48.46, FALSE);
INSERT INTO ca_checkout_items (checkout_item_id, checkout_id, product_id, quantity, base_unit_price, final_unit_price, deal_checked) VALUES (56, 16, 36, 3, 49.27, 49.27, FALSE);
INSERT INTO ca_checkout_items (checkout_item_id, checkout_id, product_id, quantity, base_unit_price, final_unit_price, deal_checked) VALUES (57, 16, 22, 3, 51.52, 46.37, TRUE);
INSERT INTO ca_checkout_items (checkout_item_id, checkout_id, product_id, quantity, base_unit_price, final_unit_price, deal_checked) VALUES (58, 17, 12, 3, 21.12, 21.12, TRUE);
INSERT INTO ca_checkout_items (checkout_item_id, checkout_id, product_id, quantity, base_unit_price, final_unit_price, deal_checked) VALUES (59, 17, 13, 2, 14.08, 14.08, FALSE);
INSERT INTO ca_checkout_items (checkout_item_id, checkout_id, product_id, quantity, base_unit_price, final_unit_price, deal_checked) VALUES (60, 17, 14, 2, 21.34, 21.34, FALSE);
INSERT INTO ca_checkout_items (checkout_item_id, checkout_id, product_id, quantity, base_unit_price, final_unit_price, deal_checked) VALUES (61, 17, 31, 1, 5.76, 5.18, TRUE);
INSERT INTO ca_checkout_items (checkout_item_id, checkout_id, product_id, quantity, base_unit_price, final_unit_price, deal_checked) VALUES (62, 17, 18, 3, 20.97, 20.97, TRUE);
INSERT INTO ca_checkout_items (checkout_item_id, checkout_id, product_id, quantity, base_unit_price, final_unit_price, deal_checked) VALUES (63, 18, 19, 1, 56.41, 56.41, FALSE);
INSERT INTO ca_checkout_items (checkout_item_id, checkout_id, product_id, quantity, base_unit_price, final_unit_price, deal_checked) VALUES (64, 18, 31, 4, 5.76, 5.76, TRUE);
INSERT INTO ca_checkout_items (checkout_item_id, checkout_id, product_id, quantity, base_unit_price, final_unit_price, deal_checked) VALUES (65, 18, 29, 4, 13.37, 13.37, TRUE);
INSERT INTO ca_checkout_items (checkout_item_id, checkout_id, product_id, quantity, base_unit_price, final_unit_price, deal_checked) VALUES (66, 18, 22, 1, 51.52, 41.22, TRUE);
INSERT INTO ca_checkout_items (checkout_item_id, checkout_id, product_id, quantity, base_unit_price, final_unit_price, deal_checked) VALUES (67, 18, 12, 1, 21.12, 17.95, TRUE);
INSERT INTO ca_checkout_items (checkout_item_id, checkout_id, product_id, quantity, base_unit_price, final_unit_price, deal_checked) VALUES (68, 19, 34, 4, 40.28, 40.28, FALSE);
INSERT INTO ca_checkout_items (checkout_item_id, checkout_id, product_id, quantity, base_unit_price, final_unit_price, deal_checked) VALUES (69, 19, 25, 3, 48.61, 48.61, FALSE);
INSERT INTO ca_checkout_items (checkout_item_id, checkout_id, product_id, quantity, base_unit_price, final_unit_price, deal_checked) VALUES (70, 20, 4, 1, 60.73, 48.58, TRUE);
INSERT INTO ca_checkout_items (checkout_item_id, checkout_id, product_id, quantity, base_unit_price, final_unit_price, deal_checked) VALUES (71, 20, 40, 2, 18.99, 18.99, TRUE);
INSERT INTO ca_checkout_items (checkout_item_id, checkout_id, product_id, quantity, base_unit_price, final_unit_price, deal_checked) VALUES (72, 20, 7, 4, 35.27, 35.27, FALSE);
INSERT INTO ca_checkout_items (checkout_item_id, checkout_id, product_id, quantity, base_unit_price, final_unit_price, deal_checked) VALUES (73, 20, 14, 1, 21.34, 18.14, TRUE);
INSERT INTO ca_checkout_items (checkout_item_id, checkout_id, product_id, quantity, base_unit_price, final_unit_price, deal_checked) VALUES (74, 20, 17, 4, 49.67, 49.67, TRUE);
INSERT INTO ca_checkout_items (checkout_item_id, checkout_id, product_id, quantity, base_unit_price, final_unit_price, deal_checked) VALUES (75, 21, 13, 2, 14.08, 14.08, FALSE);
INSERT INTO ca_checkout_items (checkout_item_id, checkout_id, product_id, quantity, base_unit_price, final_unit_price, deal_checked) VALUES (76, 21, 28, 2, 48.46, 41.19, TRUE);
INSERT INTO ca_checkout_items (checkout_item_id, checkout_id, product_id, quantity, base_unit_price, final_unit_price, deal_checked) VALUES (77, 21, 8, 3, 23.05, 23.05, FALSE);
INSERT INTO ca_checkout_items (checkout_item_id, checkout_id, product_id, quantity, base_unit_price, final_unit_price, deal_checked) VALUES (78, 21, 35, 1, 55.15, 55.15, FALSE);
INSERT INTO ca_checkout_items (checkout_item_id, checkout_id, product_id, quantity, base_unit_price, final_unit_price, deal_checked) VALUES (79, 21, 15, 3, 25.33, 25.33, FALSE);
INSERT INTO ca_checkout_items (checkout_item_id, checkout_id, product_id, quantity, base_unit_price, final_unit_price, deal_checked) VALUES (80, 22, 35, 1, 55.15, 55.15, FALSE);
INSERT INTO ca_checkout_items (checkout_item_id, checkout_id, product_id, quantity, base_unit_price, final_unit_price, deal_checked) VALUES (81, 22, 32, 3, 37.22, 37.22, FALSE);
INSERT INTO ca_checkout_items (checkout_item_id, checkout_id, product_id, quantity, base_unit_price, final_unit_price, deal_checked) VALUES (82, 22, 29, 1, 13.37, 10.70, TRUE);
INSERT INTO ca_checkout_items (checkout_item_id, checkout_id, product_id, quantity, base_unit_price, final_unit_price, deal_checked) VALUES (83, 22, 6, 1, 27.88, 27.88, FALSE);
INSERT INTO ca_checkout_items (checkout_item_id, checkout_id, product_id, quantity, base_unit_price, final_unit_price, deal_checked) VALUES (84, 22, 39, 1, 6.45, 6.45, TRUE);
INSERT INTO ca_checkout_items (checkout_item_id, checkout_id, product_id, quantity, base_unit_price, final_unit_price, deal_checked) VALUES (85, 23, 38, 4, 18.41, 18.41, TRUE);
INSERT INTO ca_checkout_items (checkout_item_id, checkout_id, product_id, quantity, base_unit_price, final_unit_price, deal_checked) VALUES (86, 23, 28, 3, 48.46, 48.46, FALSE);
INSERT INTO ca_checkout_items (checkout_item_id, checkout_id, product_id, quantity, base_unit_price, final_unit_price, deal_checked) VALUES (87, 24, 22, 4, 51.52, 51.52, FALSE);
INSERT INTO ca_checkout_items (checkout_item_id, checkout_id, product_id, quantity, base_unit_price, final_unit_price, deal_checked) VALUES (88, 24, 27, 4, 38.29, 38.29, TRUE);
INSERT INTO ca_checkout_items (checkout_item_id, checkout_id, product_id, quantity, base_unit_price, final_unit_price, deal_checked) VALUES (89, 25, 26, 1, 1.74, 1.74, FALSE);
INSERT INTO ca_checkout_items (checkout_item_id, checkout_id, product_id, quantity, base_unit_price, final_unit_price, deal_checked) VALUES (90, 26, 34, 4, 40.28, 40.28, FALSE);
INSERT INTO ca_checkout_items (checkout_item_id, checkout_id, product_id, quantity, base_unit_price, final_unit_price, deal_checked) VALUES (91, 26, 24, 1, 54.47, 49.02, TRUE);
INSERT INTO ca_checkout_items (checkout_item_id, checkout_id, product_id, quantity, base_unit_price, final_unit_price, deal_checked) VALUES (92, 27, 8, 2, 23.05, 23.05, FALSE);
INSERT INTO ca_checkout_items (checkout_item_id, checkout_id, product_id, quantity, base_unit_price, final_unit_price, deal_checked) VALUES (93, 27, 2, 1, 3.45, 3.45, FALSE);
INSERT INTO ca_checkout_items (checkout_item_id, checkout_id, product_id, quantity, base_unit_price, final_unit_price, deal_checked) VALUES (94, 27, 39, 1, 6.45, 6.45, TRUE);
INSERT INTO ca_checkout_items (checkout_item_id, checkout_id, product_id, quantity, base_unit_price, final_unit_price, deal_checked) VALUES (95, 27, 16, 4, 21.18, 21.18, TRUE);
INSERT INTO ca_checkout_items (checkout_item_id, checkout_id, product_id, quantity, base_unit_price, final_unit_price, deal_checked) VALUES (96, 28, 33, 4, 10.74, 10.74, FALSE);
INSERT INTO ca_checkout_items (checkout_item_id, checkout_id, product_id, quantity, base_unit_price, final_unit_price, deal_checked) VALUES (97, 28, 18, 2, 20.97, 20.97, FALSE);
INSERT INTO ca_checkout_items (checkout_item_id, checkout_id, product_id, quantity, base_unit_price, final_unit_price, deal_checked) VALUES (98, 28, 27, 2, 38.29, 38.29, FALSE);
INSERT INTO ca_checkout_items (checkout_item_id, checkout_id, product_id, quantity, base_unit_price, final_unit_price, deal_checked) VALUES (99, 29, 9, 3, 53.29, 45.30, TRUE);
INSERT INTO ca_checkout_items (checkout_item_id, checkout_id, product_id, quantity, base_unit_price, final_unit_price, deal_checked) VALUES (100, 29, 5, 4, 17.33, 17.33, TRUE);
INSERT INTO ca_checkout_items (checkout_item_id, checkout_id, product_id, quantity, base_unit_price, final_unit_price, deal_checked) VALUES (101, 29, 18, 3, 20.97, 20.97, FALSE);
INSERT INTO ca_checkout_items (checkout_item_id, checkout_id, product_id, quantity, base_unit_price, final_unit_price, deal_checked) VALUES (102, 29, 27, 4, 38.29, 38.29, FALSE);
INSERT INTO ca_checkout_items (checkout_item_id, checkout_id, product_id, quantity, base_unit_price, final_unit_price, deal_checked) VALUES (103, 29, 22, 3, 51.52, 51.52, TRUE);
INSERT INTO ca_checkout_items (checkout_item_id, checkout_id, product_id, quantity, base_unit_price, final_unit_price, deal_checked) VALUES (104, 30, 27, 3, 38.29, 38.29, FALSE);
INSERT INTO ca_checkout_items (checkout_item_id, checkout_id, product_id, quantity, base_unit_price, final_unit_price, deal_checked) VALUES (105, 30, 3, 4, 17.70, 17.70, FALSE);
INSERT INTO ca_checkout_items (checkout_item_id, checkout_id, product_id, quantity, base_unit_price, final_unit_price, deal_checked) VALUES (106, 31, 32, 2, 37.22, 37.22, FALSE);
INSERT INTO ca_checkout_items (checkout_item_id, checkout_id, product_id, quantity, base_unit_price, final_unit_price, deal_checked) VALUES (107, 31, 3, 1, 17.70, 17.70, FALSE);
INSERT INTO ca_checkout_items (checkout_item_id, checkout_id, product_id, quantity, base_unit_price, final_unit_price, deal_checked) VALUES (108, 32, 1, 4, 3.84, 3.84, FALSE);
INSERT INTO ca_checkout_items (checkout_item_id, checkout_id, product_id, quantity, base_unit_price, final_unit_price, deal_checked) VALUES (109, 32, 10, 3, 64.37, 64.37, FALSE);
INSERT INTO ca_checkout_items (checkout_item_id, checkout_id, product_id, quantity, base_unit_price, final_unit_price, deal_checked) VALUES (110, 32, 27, 1, 38.29, 38.29, FALSE);
INSERT INTO ca_checkout_items (checkout_item_id, checkout_id, product_id, quantity, base_unit_price, final_unit_price, deal_checked) VALUES (111, 32, 5, 4, 17.33, 17.33, FALSE);
INSERT INTO ca_checkout_items (checkout_item_id, checkout_id, product_id, quantity, base_unit_price, final_unit_price, deal_checked) VALUES (112, 33, 35, 2, 55.15, 55.15, FALSE);
INSERT INTO ca_checkout_items (checkout_item_id, checkout_id, product_id, quantity, base_unit_price, final_unit_price, deal_checked) VALUES (113, 33, 3, 2, 17.70, 17.70, TRUE);
INSERT INTO ca_checkout_items (checkout_item_id, checkout_id, product_id, quantity, base_unit_price, final_unit_price, deal_checked) VALUES (114, 33, 40, 1, 18.99, 18.99, FALSE);
INSERT INTO ca_checkout_items (checkout_item_id, checkout_id, product_id, quantity, base_unit_price, final_unit_price, deal_checked) VALUES (115, 33, 5, 2, 17.33, 17.33, FALSE);
INSERT INTO ca_checkout_items (checkout_item_id, checkout_id, product_id, quantity, base_unit_price, final_unit_price, deal_checked) VALUES (116, 34, 21, 1, 4.96, 4.96, FALSE);
INSERT INTO ca_checkout_items (checkout_item_id, checkout_id, product_id, quantity, base_unit_price, final_unit_price, deal_checked) VALUES (117, 35, 10, 2, 64.37, 51.50, TRUE);
INSERT INTO ca_checkout_items (checkout_item_id, checkout_id, product_id, quantity, base_unit_price, final_unit_price, deal_checked) VALUES (118, 35, 16, 2, 21.18, 21.18, FALSE);
INSERT INTO ca_checkout_items (checkout_item_id, checkout_id, product_id, quantity, base_unit_price, final_unit_price, deal_checked) VALUES (119, 35, 34, 2, 40.28, 40.28, TRUE);
INSERT INTO ca_checkout_items (checkout_item_id, checkout_id, product_id, quantity, base_unit_price, final_unit_price, deal_checked) VALUES (120, 35, 27, 4, 38.29, 38.29, FALSE);

-- DISCOUNTS
INSERT INTO discounts (discount_check_id, checkout_item_id, customer_id, external_discount_ref, deal_code, deal_status, checked_price, checked_at) VALUES (1, 3, 26, 'EXT-06068', 'DEAL-yf53', 'REJECTED', 14.08, '2026-03-15 04:09:41');
INSERT INTO discounts (discount_check_id, checkout_item_id, customer_id, external_discount_ref, deal_code, deal_status, checked_price, checked_at) VALUES (2, 4, 51, 'EXT-51522', 'DEAL-ES04', 'REJECTED', 4.96, '2025-08-15 14:54:23');
INSERT INTO discounts (discount_check_id, checkout_item_id, customer_id, external_discount_ref, deal_code, deal_status, checked_price, checked_at) VALUES (3, 5, 51, 'EXT-77901', 'DEAL-nj04', 'APPROVED', 37.41, '2026-01-21 20:29:28');
INSERT INTO discounts (discount_check_id, checkout_item_id, customer_id, external_discount_ref, deal_code, deal_status, checked_price, checked_at) VALUES (4, 6, 51, 'EXT-98614', 'DEAL-hd34', 'APPROVED', 13.37, '2025-09-23 07:40:56');
INSERT INTO discounts (discount_check_id, checkout_item_id, customer_id, external_discount_ref, deal_code, deal_status, checked_price, checked_at) VALUES (5, 7, 51, 'EXT-69711', 'DEAL-Ib79', 'PENDING', 21.34, '2026-02-23 03:30:43');
INSERT INTO discounts (discount_check_id, checkout_item_id, customer_id, external_discount_ref, deal_code, deal_status, checked_price, checked_at) VALUES (6, 9, 27, 'EXT-32460', 'DEAL-pK95', 'APPROVED', 14.08, '2026-01-02 13:24:27');
INSERT INTO discounts (discount_check_id, checkout_item_id, customer_id, external_discount_ref, deal_code, deal_status, checked_price, checked_at) VALUES (7, 10, 27, 'EXT-21851', 'DEAL-GY88', 'PENDING', 48.61, '2026-01-20 05:45:16');
INSERT INTO discounts (discount_check_id, checkout_item_id, customer_id, external_discount_ref, deal_code, deal_status, checked_price, checked_at) VALUES (8, 11, 27, 'EXT-80670', 'DEAL-qV65', 'APPROVED', 37.22, '2025-10-16 19:45:22');
INSERT INTO discounts (discount_check_id, checkout_item_id, customer_id, external_discount_ref, deal_code, deal_status, checked_price, checked_at) VALUES (9, 12, 27, 'EXT-51531', 'DEAL-ic95', 'PENDING', 1.74, '2025-12-21 01:53:40');
INSERT INTO discounts (discount_check_id, checkout_item_id, customer_id, external_discount_ref, deal_code, deal_status, checked_price, checked_at) VALUES (10, 16, 40, 'EXT-27722', 'DEAL-cs17', 'PENDING', 13.37, '2025-12-03 17:06:40');
INSERT INTO discounts (discount_check_id, checkout_item_id, customer_id, external_discount_ref, deal_code, deal_status, checked_price, checked_at) VALUES (11, 17, 40, 'EXT-03054', 'DEAL-IE86', 'PENDING', 62.81, '2025-12-13 18:09:24');
INSERT INTO discounts (discount_check_id, checkout_item_id, customer_id, external_discount_ref, deal_code, deal_status, checked_price, checked_at) VALUES (12, 18, 40, 'EXT-03450', 'DEAL-hZ54', 'PENDING', 5.76, '2026-01-05 00:43:22');
INSERT INTO discounts (discount_check_id, checkout_item_id, customer_id, external_discount_ref, deal_code, deal_status, checked_price, checked_at) VALUES (13, 24, 4, 'EXT-76527', 'DEAL-ZH75', 'REJECTED', 19.72, '2026-02-05 02:02:46');
INSERT INTO discounts (discount_check_id, checkout_item_id, customer_id, external_discount_ref, deal_code, deal_status, checked_price, checked_at) VALUES (14, 26, 47, 'EXT-61692', 'DEAL-ug84', 'APPROVED', 45.30, '2026-01-11 15:52:30');
INSERT INTO discounts (discount_check_id, checkout_item_id, customer_id, external_discount_ref, deal_code, deal_status, checked_price, checked_at) VALUES (15, 27, 47, 'EXT-54479', 'DEAL-SC62', 'REJECTED', 18.99, '2026-02-07 00:27:53');
INSERT INTO discounts (discount_check_id, checkout_item_id, customer_id, external_discount_ref, deal_code, deal_status, checked_price, checked_at) VALUES (16, 30, 49, 'EXT-59640', 'DEAL-xG16', 'APPROVED', 38.29, '2026-02-19 17:20:25');
INSERT INTO discounts (discount_check_id, checkout_item_id, customer_id, external_discount_ref, deal_code, deal_status, checked_price, checked_at) VALUES (17, 31, 49, 'EXT-20297', 'DEAL-ep02', 'PENDING', 49.67, '2026-02-15 08:06:25');
INSERT INTO discounts (discount_check_id, checkout_item_id, customer_id, external_discount_ref, deal_code, deal_status, checked_price, checked_at) VALUES (18, 32, 49, 'EXT-55690', 'DEAL-RC92', 'APPROVED', 27.88, '2026-03-20 09:48:02');
INSERT INTO discounts (discount_check_id, checkout_item_id, customer_id, external_discount_ref, deal_code, deal_status, checked_price, checked_at) VALUES (19, 35, 54, 'EXT-57192', 'DEAL-zu85', 'APPROVED', 53.29, '2025-12-04 19:37:43');
INSERT INTO discounts (discount_check_id, checkout_item_id, customer_id, external_discount_ref, deal_code, deal_status, checked_price, checked_at) VALUES (20, 36, 54, 'EXT-31027', 'DEAL-Jh86', 'REJECTED', 5.76, '2025-11-28 05:59:14');
INSERT INTO discounts (discount_check_id, checkout_item_id, customer_id, external_discount_ref, deal_code, deal_status, checked_price, checked_at) VALUES (21, 38, NULL, 'EXT-73947', 'DEAL-ie31', 'REJECTED', 17.33, '2026-03-07 08:56:25');
INSERT INTO discounts (discount_check_id, checkout_item_id, customer_id, external_discount_ref, deal_code, deal_status, checked_price, checked_at) VALUES (22, 39, NULL, 'EXT-27155', 'DEAL-Is18', 'PENDING', 18.41, '2026-02-20 14:33:15');
INSERT INTO discounts (discount_check_id, checkout_item_id, customer_id, external_discount_ref, deal_code, deal_status, checked_price, checked_at) VALUES (23, 41, 24, 'EXT-22583', 'DEAL-Yi13', 'PENDING', 3.84, '2026-03-04 15:29:57');
INSERT INTO discounts (discount_check_id, checkout_item_id, customer_id, external_discount_ref, deal_code, deal_status, checked_price, checked_at) VALUES (24, 45, 55, 'EXT-70589', 'DEAL-ZJ57', 'PENDING', 20.97, '2026-02-10 01:36:42');
INSERT INTO discounts (discount_check_id, checkout_item_id, customer_id, external_discount_ref, deal_code, deal_status, checked_price, checked_at) VALUES (25, 52, 36, 'EXT-46786', 'DEAL-ei69', 'PENDING', 21.18, '2025-08-23 04:08:27');
INSERT INTO discounts (discount_check_id, checkout_item_id, customer_id, external_discount_ref, deal_code, deal_status, checked_price, checked_at) VALUES (26, 57, 36, 'EXT-77852', 'DEAL-lX89', 'REJECTED', 51.52, '2025-12-27 00:46:43');
INSERT INTO discounts (discount_check_id, checkout_item_id, customer_id, external_discount_ref, deal_code, deal_status, checked_price, checked_at) VALUES (27, 58, 8, 'EXT-01824', 'DEAL-uT22', 'REJECTED', 21.12, '2025-12-08 02:14:31');
INSERT INTO discounts (discount_check_id, checkout_item_id, customer_id, external_discount_ref, deal_code, deal_status, checked_price, checked_at) VALUES (28, 61, 8, 'EXT-58414', 'DEAL-ri38', 'PENDING', 5.76, '2026-01-07 03:14:11');
INSERT INTO discounts (discount_check_id, checkout_item_id, customer_id, external_discount_ref, deal_code, deal_status, checked_price, checked_at) VALUES (29, 62, 8, 'EXT-98182', 'DEAL-jk99', 'REJECTED', 20.97, '2026-01-20 15:32:57');
INSERT INTO discounts (discount_check_id, checkout_item_id, customer_id, external_discount_ref, deal_code, deal_status, checked_price, checked_at) VALUES (30, 64, 7, 'EXT-90010', 'DEAL-Pn94', 'REJECTED', 5.76, '2026-03-26 22:55:58');
INSERT INTO discounts (discount_check_id, checkout_item_id, customer_id, external_discount_ref, deal_code, deal_status, checked_price, checked_at) VALUES (31, 65, 7, 'EXT-96907', 'DEAL-Pt84', 'PENDING', 13.37, '2026-03-13 04:01:56');
INSERT INTO discounts (discount_check_id, checkout_item_id, customer_id, external_discount_ref, deal_code, deal_status, checked_price, checked_at) VALUES (32, 66, 7, 'EXT-36471', 'DEAL-CA02', 'REJECTED', 51.52, '2026-03-13 05:33:15');
INSERT INTO discounts (discount_check_id, checkout_item_id, customer_id, external_discount_ref, deal_code, deal_status, checked_price, checked_at) VALUES (33, 67, 7, 'EXT-73592', 'DEAL-Uw55', 'PENDING', 21.12, '2026-03-09 01:53:57');
INSERT INTO discounts (discount_check_id, checkout_item_id, customer_id, external_discount_ref, deal_code, deal_status, checked_price, checked_at) VALUES (34, 70, 20, 'EXT-81537', 'DEAL-Cp14', 'APPROVED', 48.58, '2025-10-12 03:10:18');
INSERT INTO discounts (discount_check_id, checkout_item_id, customer_id, external_discount_ref, deal_code, deal_status, checked_price, checked_at) VALUES (35, 71, 20, 'EXT-10469', 'DEAL-ku63', 'PENDING', 18.99, '2025-12-17 20:48:40');
INSERT INTO discounts (discount_check_id, checkout_item_id, customer_id, external_discount_ref, deal_code, deal_status, checked_price, checked_at) VALUES (36, 73, 20, 'EXT-32787', 'DEAL-Fb74', 'PENDING', 21.34, '2025-09-22 09:24:55');
INSERT INTO discounts (discount_check_id, checkout_item_id, customer_id, external_discount_ref, deal_code, deal_status, checked_price, checked_at) VALUES (37, 74, 20, 'EXT-68733', 'DEAL-dd95', 'REJECTED', 49.67, '2025-12-05 16:31:41');
INSERT INTO discounts (discount_check_id, checkout_item_id, customer_id, external_discount_ref, deal_code, deal_status, checked_price, checked_at) VALUES (38, 76, 51, 'EXT-74801', 'DEAL-qU62', 'PENDING', 48.46, '2025-12-15 17:48:27');
INSERT INTO discounts (discount_check_id, checkout_item_id, customer_id, external_discount_ref, deal_code, deal_status, checked_price, checked_at) VALUES (39, 82, NULL, 'EXT-50609', 'DEAL-xJ83', 'PENDING', 13.37, '2026-02-15 04:33:49');
INSERT INTO discounts (discount_check_id, checkout_item_id, customer_id, external_discount_ref, deal_code, deal_status, checked_price, checked_at) VALUES (40, 84, NULL, 'EXT-16878', 'DEAL-RN49', 'PENDING', 6.45, '2026-01-29 16:55:22');
INSERT INTO discounts (discount_check_id, checkout_item_id, customer_id, external_discount_ref, deal_code, deal_status, checked_price, checked_at) VALUES (41, 85, 29, 'EXT-65585', 'DEAL-MG23', 'REJECTED', 18.41, '2025-10-19 08:50:25');
INSERT INTO discounts (discount_check_id, checkout_item_id, customer_id, external_discount_ref, deal_code, deal_status, checked_price, checked_at) VALUES (42, 88, 43, 'EXT-00025', 'DEAL-Dj78', 'REJECTED', 38.29, '2026-02-02 10:51:17');
INSERT INTO discounts (discount_check_id, checkout_item_id, customer_id, external_discount_ref, deal_code, deal_status, checked_price, checked_at) VALUES (43, 91, 27, 'EXT-59526', 'DEAL-Lv94', 'REJECTED', 54.47, '2025-12-03 19:47:01');
INSERT INTO discounts (discount_check_id, checkout_item_id, customer_id, external_discount_ref, deal_code, deal_status, checked_price, checked_at) VALUES (44, 94, 29, 'EXT-87947', 'DEAL-vR05', 'APPROVED', 6.45, '2026-02-17 12:19:37');
INSERT INTO discounts (discount_check_id, checkout_item_id, customer_id, external_discount_ref, deal_code, deal_status, checked_price, checked_at) VALUES (45, 95, 29, 'EXT-69409', 'DEAL-PY74', 'APPROVED', 21.18, '2026-03-21 20:55:22');
INSERT INTO discounts (discount_check_id, checkout_item_id, customer_id, external_discount_ref, deal_code, deal_status, checked_price, checked_at) VALUES (46, 99, 13, 'EXT-97289', 'DEAL-Rp62', 'PENDING', 53.29, '2025-07-06 03:31:37');
INSERT INTO discounts (discount_check_id, checkout_item_id, customer_id, external_discount_ref, deal_code, deal_status, checked_price, checked_at) VALUES (47, 100, 13, 'EXT-91307', 'DEAL-jA56', 'REJECTED', 17.33, '2026-03-19 01:11:51');
INSERT INTO discounts (discount_check_id, checkout_item_id, customer_id, external_discount_ref, deal_code, deal_status, checked_price, checked_at) VALUES (48, 103, 13, 'EXT-36897', 'DEAL-Hn02', 'APPROVED', 51.52, '2026-01-27 17:06:44');
INSERT INTO discounts (discount_check_id, checkout_item_id, customer_id, external_discount_ref, deal_code, deal_status, checked_price, checked_at) VALUES (49, 113, 41, 'EXT-85854', 'DEAL-mp97', 'APPROVED', 17.70, '2025-11-15 05:03:02');
INSERT INTO discounts (discount_check_id, checkout_item_id, customer_id, external_discount_ref, deal_code, deal_status, checked_price, checked_at) VALUES (50, 117, 23, 'EXT-44375', 'DEAL-JY75', 'REJECTED', 64.37, '2025-11-04 15:26:05');
INSERT INTO discounts (discount_check_id, checkout_item_id, customer_id, external_discount_ref, deal_code, deal_status, checked_price, checked_at) VALUES (51, 119, 23, 'EXT-41986', 'DEAL-XZ65', 'REJECTED', 40.28, '2025-09-16 07:52:56');

-- SALES
INSERT INTO ca_sales (sale_id, checkout_id, customer_id, sale_date, total_amount, payment_deferred, sale_source) VALUES (1, 7, 28, '2026-02-09 16:09:08', 145.83, FALSE, 'ONLINE');
INSERT INTO ca_sales (sale_id, checkout_id, customer_id, sale_date, total_amount, payment_deferred, sale_source) VALUES (2, 9, 49, '2025-09-25 09:21:06', 330.05, FALSE, 'IN_STORE');
INSERT INTO ca_sales (sale_id, checkout_id, customer_id, sale_date, total_amount, payment_deferred, sale_source) VALUES (3, 22, NULL, '2026-02-26 07:43:23', 211.84, FALSE, 'ONLINE');
INSERT INTO ca_sales (sale_id, checkout_id, customer_id, sale_date, total_amount, payment_deferred, sale_source) VALUES (4, 23, 29, '2025-06-23 00:46:42', 219.02, FALSE, 'ONLINE');
INSERT INTO ca_sales (sale_id, checkout_id, customer_id, sale_date, total_amount, payment_deferred, sale_source) VALUES (5, 25, 17, '2026-03-21 21:18:23', 1.74, FALSE, 'ONLINE');
INSERT INTO ca_sales (sale_id, checkout_id, customer_id, sale_date, total_amount, payment_deferred, sale_source) VALUES (6, 30, 37, '2026-02-02 12:50:02', 185.67, FALSE, 'IN_STORE');
INSERT INTO ca_sales (sale_id, checkout_id, customer_id, sale_date, total_amount, payment_deferred, sale_source) VALUES (7, 35, 23, '2025-10-16 18:32:18', 379.08, FALSE, 'IN_STORE');

-- SALE ITEMS
INSERT INTO ca_sale_items (sale_item_id, sale_id, product_id, quantity, unit_price) VALUES (1, 1, 25, 3, 48.61);
INSERT INTO ca_sale_items (sale_item_id, sale_id, product_id, quantity, unit_price) VALUES (2, 2, 27, 4, 38.29);
INSERT INTO ca_sale_items (sale_item_id, sale_id, product_id, quantity, unit_price) VALUES (3, 2, 17, 3, 49.67);
INSERT INTO ca_sale_items (sale_item_id, sale_id, product_id, quantity, unit_price) VALUES (4, 2, 6, 1, 27.88);
INSERT INTO ca_sale_items (sale_item_id, sale_id, product_id, quantity, unit_price) VALUES (5, 3, 35, 1, 55.15);
INSERT INTO ca_sale_items (sale_item_id, sale_id, product_id, quantity, unit_price) VALUES (6, 3, 32, 3, 37.22);
INSERT INTO ca_sale_items (sale_item_id, sale_id, product_id, quantity, unit_price) VALUES (7, 3, 29, 1, 10.70);
INSERT INTO ca_sale_items (sale_item_id, sale_id, product_id, quantity, unit_price) VALUES (8, 3, 6, 1, 27.88);
INSERT INTO ca_sale_items (sale_item_id, sale_id, product_id, quantity, unit_price) VALUES (9, 3, 39, 1, 6.45);
INSERT INTO ca_sale_items (sale_item_id, sale_id, product_id, quantity, unit_price) VALUES (10, 4, 38, 4, 18.41);
INSERT INTO ca_sale_items (sale_item_id, sale_id, product_id, quantity, unit_price) VALUES (11, 4, 28, 3, 48.46);
INSERT INTO ca_sale_items (sale_item_id, sale_id, product_id, quantity, unit_price) VALUES (12, 5, 26, 1, 1.74);
INSERT INTO ca_sale_items (sale_item_id, sale_id, product_id, quantity, unit_price) VALUES (13, 6, 27, 3, 38.29);
INSERT INTO ca_sale_items (sale_item_id, sale_id, product_id, quantity, unit_price) VALUES (14, 6, 3, 4, 17.70);
INSERT INTO ca_sale_items (sale_item_id, sale_id, product_id, quantity, unit_price) VALUES (15, 7, 10, 2, 51.50);
INSERT INTO ca_sale_items (sale_item_id, sale_id, product_id, quantity, unit_price) VALUES (16, 7, 16, 2, 21.18);
INSERT INTO ca_sale_items (sale_item_id, sale_id, product_id, quantity, unit_price) VALUES (17, 7, 34, 2, 40.28);
INSERT INTO ca_sale_items (sale_item_id, sale_id, product_id, quantity, unit_price) VALUES (18, 7, 27, 4, 38.29);

-- PAYMENTS
INSERT INTO ca_payments (payment_id, customer_id, sale_id, payment_method, amount, payment_date) VALUES (1, 28, 1, 'CASH', 145.83, '2026-02-23 18:33:14');
INSERT INTO ca_payments (payment_id, customer_id, sale_id, payment_method, amount, payment_date) VALUES (2, 49, 2, 'CARD', 330.05, '2025-10-03 13:23:44');
INSERT INTO ca_payments (payment_id, customer_id, sale_id, payment_method, amount, payment_date) VALUES (3, NULL, 3, 'CASH', 211.84, '2026-03-12 06:50:12');
INSERT INTO ca_payments (payment_id, customer_id, sale_id, payment_method, amount, payment_date) VALUES (4, 29, 4, 'BANK_TRANSFER', 219.02, '2026-03-27 09:03:27');
INSERT INTO ca_payments (payment_id, customer_id, sale_id, payment_method, amount, payment_date) VALUES (5, 17, 5, 'CASH', 1.74, '2026-03-22 08:48:57');
INSERT INTO ca_payments (payment_id, customer_id, sale_id, payment_method, amount, payment_date) VALUES (6, 37, 6, 'CASH', 185.67, '2026-03-08 03:55:09');
INSERT INTO ca_payments (payment_id, customer_id, sale_id, payment_method, amount, payment_date) VALUES (7, 23, 7, 'CARD', 379.08, '2026-01-10 16:09:37');

-- SUPPLIER ORDERS
INSERT INTO supplier_orders (order_id, sa_order_ref, status, created_at, submitted_at, last_status_at) VALUES ('SO-1001', 'SA-47338', 'DELIVERED', '2025-07-10 19:33:08', '2026-02-14 01:56:23', '2026-03-19 21:02:17');
INSERT INTO supplier_orders (order_id, sa_order_ref, status, created_at, submitted_at, last_status_at) VALUES ('SO-1002', 'SA-19933', 'CREATED', '2025-04-16 05:34:49', NULL, '2026-01-01 08:53:07');
INSERT INTO supplier_orders (order_id, sa_order_ref, status, created_at, submitted_at, last_status_at) VALUES ('SO-1003', 'SA-33016', 'SHIPPED', '2025-08-02 18:58:18', '2026-02-02 06:05:42', '2026-02-12 00:22:53');
INSERT INTO supplier_orders (order_id, sa_order_ref, status, created_at, submitted_at, last_status_at) VALUES ('SO-1004', 'SA-08267', 'SUBMITTED', '2025-09-28 22:33:17', '2026-02-02 06:17:05', '2026-02-21 15:03:02');
INSERT INTO supplier_orders (order_id, sa_order_ref, status, created_at, submitted_at, last_status_at) VALUES ('SO-1005', 'SA-54019', 'SHIPPED', '2025-06-25 16:51:40', '2026-01-19 12:50:30', '2026-01-23 03:45:10');
INSERT INTO supplier_orders (order_id, sa_order_ref, status, created_at, submitted_at, last_status_at) VALUES ('SO-1006', 'SA-62067', 'SUBMITTED', '2025-06-07 20:57:44', '2026-03-25 18:10:40', '2026-03-26 15:15:22');
INSERT INTO supplier_orders (order_id, sa_order_ref, status, created_at, submitted_at, last_status_at) VALUES ('SO-1007', 'SA-04991', 'SHIPPED', '2026-03-23 02:14:18', '2026-03-25 03:01:56', '2026-03-25 23:45:12');
INSERT INTO supplier_orders (order_id, sa_order_ref, status, created_at, submitted_at, last_status_at) VALUES ('SO-1008', 'SA-88728', 'CREATED', '2025-09-25 06:40:55', NULL, '2025-11-17 06:11:41');
INSERT INTO supplier_orders (order_id, sa_order_ref, status, created_at, submitted_at, last_status_at) VALUES ('SO-1009', 'SA-15274', 'CREATED', '2025-12-31 14:13:57', NULL, '2026-01-18 16:06:28');
INSERT INTO supplier_orders (order_id, sa_order_ref, status, created_at, submitted_at, last_status_at) VALUES ('SO-1010', 'SA-54932', 'SHIPPED', '2025-11-19 18:55:15', '2026-03-23 19:35:55', '2026-03-26 06:39:08');
INSERT INTO supplier_orders (order_id, sa_order_ref, status, created_at, submitted_at, last_status_at) VALUES ('SO-1011', 'SA-85161', 'SUBMITTED', '2025-06-07 06:41:52', '2025-07-31 21:17:43', '2026-02-02 07:29:24');
INSERT INTO supplier_orders (order_id, sa_order_ref, status, created_at, submitted_at, last_status_at) VALUES ('SO-1012', 'SA-04637', 'SHIPPED', '2026-01-14 05:56:00', '2026-02-09 04:04:30', '2026-03-27 11:36:22');

-- SUPPLIER ORDER ITEMS
INSERT INTO supplier_order_items (order_item_id, order_id, product_id, quantity) VALUES (1, 'SO-1001', 37, 47);
INSERT INTO supplier_order_items (order_item_id, order_id, product_id, quantity) VALUES (2, 'SO-1001', 19, 30);
INSERT INTO supplier_order_items (order_item_id, order_id, product_id, quantity) VALUES (3, 'SO-1001', 2, 22);
INSERT INTO supplier_order_items (order_item_id, order_id, product_id, quantity) VALUES (4, 'SO-1002', 39, 36);
INSERT INTO supplier_order_items (order_item_id, order_id, product_id, quantity) VALUES (5, 'SO-1003', 39, 19);
INSERT INTO supplier_order_items (order_item_id, order_id, product_id, quantity) VALUES (6, 'SO-1003', 23, 45);
INSERT INTO supplier_order_items (order_item_id, order_id, product_id, quantity) VALUES (7, 'SO-1004', 9, 24);
INSERT INTO supplier_order_items (order_item_id, order_id, product_id, quantity) VALUES (8, 'SO-1004', 7, 33);
INSERT INTO supplier_order_items (order_item_id, order_id, product_id, quantity) VALUES (9, 'SO-1004', 3, 7);
INSERT INTO supplier_order_items (order_item_id, order_id, product_id, quantity) VALUES (10, 'SO-1005', 6, 25);
INSERT INTO supplier_order_items (order_item_id, order_id, product_id, quantity) VALUES (11, 'SO-1005', 19, 31);
INSERT INTO supplier_order_items (order_item_id, order_id, product_id, quantity) VALUES (12, 'SO-1006', 9, 28);
INSERT INTO supplier_order_items (order_item_id, order_id, product_id, quantity) VALUES (13, 'SO-1006', 35, 38);
INSERT INTO supplier_order_items (order_item_id, order_id, product_id, quantity) VALUES (14, 'SO-1007', 17, 23);
INSERT INTO supplier_order_items (order_item_id, order_id, product_id, quantity) VALUES (15, 'SO-1007', 31, 26);
INSERT INTO supplier_order_items (order_item_id, order_id, product_id, quantity) VALUES (16, 'SO-1008', 5, 40);
INSERT INTO supplier_order_items (order_item_id, order_id, product_id, quantity) VALUES (17, 'SO-1008', 10, 28);
INSERT INTO supplier_order_items (order_item_id, order_id, product_id, quantity) VALUES (18, 'SO-1008', 15, 10);
INSERT INTO supplier_order_items (order_item_id, order_id, product_id, quantity) VALUES (19, 'SO-1008', 26, 30);
INSERT INTO supplier_order_items (order_item_id, order_id, product_id, quantity) VALUES (20, 'SO-1009', 35, 28);
INSERT INTO supplier_order_items (order_item_id, order_id, product_id, quantity) VALUES (21, 'SO-1009', 8, 48);
INSERT INTO supplier_order_items (order_item_id, order_id, product_id, quantity) VALUES (22, 'SO-1009', 30, 48);
INSERT INTO supplier_order_items (order_item_id, order_id, product_id, quantity) VALUES (23, 'SO-1010', 24, 6);
INSERT INTO supplier_order_items (order_item_id, order_id, product_id, quantity) VALUES (24, 'SO-1010', 7, 44);
INSERT INTO supplier_order_items (order_item_id, order_id, product_id, quantity) VALUES (25, 'SO-1010', 15, 40);
INSERT INTO supplier_order_items (order_item_id, order_id, product_id, quantity) VALUES (26, 'SO-1010', 31, 25);
INSERT INTO supplier_order_items (order_item_id, order_id, product_id, quantity) VALUES (27, 'SO-1011', 30, 49);
INSERT INTO supplier_order_items (order_item_id, order_id, product_id, quantity) VALUES (28, 'SO-1012', 8, 36);
INSERT INTO supplier_order_items (order_item_id, order_id, product_id, quantity) VALUES (29, 'SO-1012', 9, 12);
INSERT INTO supplier_order_items (order_item_id, order_id, product_id, quantity) VALUES (30, 'SO-1012', 3, 11);
INSERT INTO supplier_order_items (order_item_id, order_id, product_id, quantity) VALUES (31, 'SO-1012', 20, 20);

-- SUPPLIER INVOICES
INSERT INTO supplier_invoices (invoice_id, order_id, total_amount, due_date, received_at) VALUES ('INV-1001', 'SO-1001', 2156.03, '2026-04-22', '2025-09-02 03:01:44');
INSERT INTO supplier_invoices (invoice_id, order_id, total_amount, due_date, received_at) VALUES ('INV-1002', 'SO-1002', 185.76, '2026-06-22', '2025-11-08 11:14:44');
INSERT INTO supplier_invoices (invoice_id, order_id, total_amount, due_date, received_at) VALUES ('INV-1003', 'SO-1003', 2787.60, '2026-06-01', '2025-09-25 04:15:26');
INSERT INTO supplier_invoices (invoice_id, order_id, total_amount, due_date, received_at) VALUES ('INV-1004', 'SO-1004', 2053.42, '2026-06-08', '2025-11-23 17:12:49');
INSERT INTO supplier_invoices (invoice_id, order_id, total_amount, due_date, received_at) VALUES ('INV-1005', 'SO-1005', 1956.57, '2026-06-23', '2025-09-01 16:34:59');
INSERT INTO supplier_invoices (invoice_id, order_id, total_amount, due_date, received_at) VALUES ('INV-1006', 'SO-1006', 2870.26, '2026-06-20', '2025-06-22 10:10:20');
INSERT INTO supplier_invoices (invoice_id, order_id, total_amount, due_date, received_at) VALUES ('INV-1007', 'SO-1007', 1033.74, '2026-05-10', '2026-03-26 23:38:10');
INSERT INTO supplier_invoices (invoice_id, order_id, total_amount, due_date, received_at) VALUES ('INV-1008', 'SO-1008', 2240.85, '2026-04-14', '2026-03-01 08:01:40');
INSERT INTO supplier_invoices (invoice_id, order_id, total_amount, due_date, received_at) VALUES ('INV-1009', 'SO-1009', 3557.02, '2026-03-28', '2026-03-13 02:40:35');
INSERT INTO supplier_invoices (invoice_id, order_id, total_amount, due_date, received_at) VALUES ('INV-1010', 'SO-1010', 2428.72, '2026-06-15', '2026-02-10 20:09:44');
INSERT INTO supplier_invoices (invoice_id, order_id, total_amount, due_date, received_at) VALUES ('INV-1011', 'SO-1011', 1466.47, '2026-04-27', '2025-09-11 14:39:51');
INSERT INTO supplier_invoices (invoice_id, order_id, total_amount, due_date, received_at) VALUES ('INV-1012', 'SO-1012', 1613.10, '2026-04-28', '2026-02-12 13:31:05');

-- DELIVERIES
INSERT INTO deliveries (delivery_id, order_id, received_at, notes) VALUES ('DEL-1001', 'SO-1001', '2026-02-22 00:28:47', 'Accusamus officiis possimus aperiam blanditiis esse illo.');
INSERT INTO deliveries (delivery_id, order_id, received_at, notes) VALUES ('DEL-1002', 'SO-1003', '2026-02-13 22:48:06', 'Porro odit velit facilis dolore.');
INSERT INTO deliveries (delivery_id, order_id, received_at, notes) VALUES ('DEL-1003', 'SO-1005', '2025-08-16 13:48:44', 'Corrupti quibusdam non impedit molestias iusto modi.');
INSERT INTO deliveries (delivery_id, order_id, received_at, notes) VALUES ('DEL-1004', 'SO-1007', '2026-03-27 02:57:14', 'Quis perspiciatis nisi ratione minima.');
INSERT INTO deliveries (delivery_id, order_id, received_at, notes) VALUES ('DEL-1005', 'SO-1010', '2026-03-02 08:23:09', 'Aspernatur natus aperiam molestias magnam nemo.');
INSERT INTO deliveries (delivery_id, order_id, received_at, notes) VALUES ('DEL-1006', 'SO-1012', '2026-01-28 19:06:52', 'Eveniet maxime blanditiis dignissimos.');

-- DELIVERY ITEMS
INSERT INTO delivery_items (delivery_item_id, delivery_id, product_id, quantity_received) VALUES (1, 'DEL-1001', 37, 46);
INSERT INTO delivery_items (delivery_item_id, delivery_id, product_id, quantity_received) VALUES (2, 'DEL-1001', 19, 27);
INSERT INTO delivery_items (delivery_item_id, delivery_id, product_id, quantity_received) VALUES (3, 'DEL-1001', 2, 19);
INSERT INTO delivery_items (delivery_item_id, delivery_id, product_id, quantity_received) VALUES (4, 'DEL-1002', 39, 17);
INSERT INTO delivery_items (delivery_item_id, delivery_id, product_id, quantity_received) VALUES (5, 'DEL-1002', 23, 42);
INSERT INTO delivery_items (delivery_item_id, delivery_id, product_id, quantity_received) VALUES (6, 'DEL-1003', 6, 24);
INSERT INTO delivery_items (delivery_item_id, delivery_id, product_id, quantity_received) VALUES (7, 'DEL-1003', 19, 28);
INSERT INTO delivery_items (delivery_item_id, delivery_id, product_id, quantity_received) VALUES (8, 'DEL-1004', 17, 23);
INSERT INTO delivery_items (delivery_item_id, delivery_id, product_id, quantity_received) VALUES (9, 'DEL-1004', 31, 23);
INSERT INTO delivery_items (delivery_item_id, delivery_id, product_id, quantity_received) VALUES (10, 'DEL-1005', 24, 3);
INSERT INTO delivery_items (delivery_item_id, delivery_id, product_id, quantity_received) VALUES (11, 'DEL-1005', 7, 42);
INSERT INTO delivery_items (delivery_item_id, delivery_id, product_id, quantity_received) VALUES (12, 'DEL-1005', 15, 40);
INSERT INTO delivery_items (delivery_item_id, delivery_id, product_id, quantity_received) VALUES (13, 'DEL-1005', 31, 23);
INSERT INTO delivery_items (delivery_item_id, delivery_id, product_id, quantity_received) VALUES (14, 'DEL-1006', 8, 35);
INSERT INTO delivery_items (delivery_item_id, delivery_id, product_id, quantity_received) VALUES (15, 'DEL-1006', 9, 9);
INSERT INTO delivery_items (delivery_item_id, delivery_id, product_id, quantity_received) VALUES (16, 'DEL-1006', 3, 8);
INSERT INTO delivery_items (delivery_item_id, delivery_id, product_id, quantity_received) VALUES (17, 'DEL-1006', 20, 19);

-- ONLINE ORDERS
INSERT INTO ca_online_orders (online_order_id, pu_order_ref, received_at, processed) VALUES ('ONL-1001', 'PU-97187', '2026-02-04 13:58:07', FALSE);
INSERT INTO ca_online_orders (online_order_id, pu_order_ref, received_at, processed) VALUES ('ONL-1002', 'PU-07286', '2025-09-20 22:04:57', FALSE);
INSERT INTO ca_online_orders (online_order_id, pu_order_ref, received_at, processed) VALUES ('ONL-1003', 'PU-90874', '2026-01-02 09:52:16', TRUE);
INSERT INTO ca_online_orders (online_order_id, pu_order_ref, received_at, processed) VALUES ('ONL-1004', 'PU-06403', '2025-11-07 02:39:50', TRUE);
INSERT INTO ca_online_orders (online_order_id, pu_order_ref, received_at, processed) VALUES ('ONL-1005', 'PU-10651', '2025-10-23 16:25:17', TRUE);
INSERT INTO ca_online_orders (online_order_id, pu_order_ref, received_at, processed) VALUES ('ONL-1006', 'PU-01704', '2025-09-02 07:19:41', TRUE);
INSERT INTO ca_online_orders (online_order_id, pu_order_ref, received_at, processed) VALUES ('ONL-1007', 'PU-22656', '2025-09-17 17:04:52', TRUE);
INSERT INTO ca_online_orders (online_order_id, pu_order_ref, received_at, processed) VALUES ('ONL-1008', 'PU-66182', '2025-12-06 07:47:29', TRUE);
INSERT INTO ca_online_orders (online_order_id, pu_order_ref, received_at, processed) VALUES ('ONL-1009', 'PU-51286', '2025-10-18 21:34:55', FALSE);
INSERT INTO ca_online_orders (online_order_id, pu_order_ref, received_at, processed) VALUES ('ONL-1010', 'PU-23004', '2025-09-23 07:55:16', TRUE);
INSERT INTO ca_online_orders (online_order_id, pu_order_ref, received_at, processed) VALUES ('ONL-1011', 'PU-86863', '2025-07-01 15:23:29', TRUE);
INSERT INTO ca_online_orders (online_order_id, pu_order_ref, received_at, processed) VALUES ('ONL-1012', 'PU-75243', '2026-03-26 13:42:36', TRUE);
INSERT INTO ca_online_orders (online_order_id, pu_order_ref, received_at, processed) VALUES ('ONL-1013', 'PU-10690', '2025-06-28 23:35:04', TRUE);
INSERT INTO ca_online_orders (online_order_id, pu_order_ref, received_at, processed) VALUES ('ONL-1014', 'PU-31190', '2025-09-16 21:32:40', FALSE);
INSERT INTO ca_online_orders (online_order_id, pu_order_ref, received_at, processed) VALUES ('ONL-1015', 'PU-90306', '2025-09-13 23:50:31', FALSE);

-- ONLINE ORDER ITEMS
INSERT INTO ca_online_order_items (online_order_item_id, online_order_id, product_id, quantity) VALUES (1, 'ONL-1001', 24, 3);
INSERT INTO ca_online_order_items (online_order_item_id, online_order_id, product_id, quantity) VALUES (2, 'ONL-1002', 26, 2);
INSERT INTO ca_online_order_items (online_order_item_id, online_order_id, product_id, quantity) VALUES (3, 'ONL-1003', 30, 1);
INSERT INTO ca_online_order_items (online_order_item_id, online_order_id, product_id, quantity) VALUES (4, 'ONL-1004', 4, 2);
INSERT INTO ca_online_order_items (online_order_item_id, online_order_id, product_id, quantity) VALUES (5, 'ONL-1005', 37, 1);
INSERT INTO ca_online_order_items (online_order_item_id, online_order_id, product_id, quantity) VALUES (6, 'ONL-1005', 14, 3);
INSERT INTO ca_online_order_items (online_order_item_id, online_order_id, product_id, quantity) VALUES (7, 'ONL-1006', 15, 1);
INSERT INTO ca_online_order_items (online_order_item_id, online_order_id, product_id, quantity) VALUES (8, 'ONL-1006', 22, 3);
INSERT INTO ca_online_order_items (online_order_item_id, online_order_id, product_id, quantity) VALUES (9, 'ONL-1007', 10, 2);
INSERT INTO ca_online_order_items (online_order_item_id, online_order_id, product_id, quantity) VALUES (10, 'ONL-1007', 9, 1);
INSERT INTO ca_online_order_items (online_order_item_id, online_order_id, product_id, quantity) VALUES (11, 'ONL-1007', 35, 1);
INSERT INTO ca_online_order_items (online_order_item_id, online_order_id, product_id, quantity) VALUES (12, 'ONL-1008', 1, 1);
INSERT INTO ca_online_order_items (online_order_item_id, online_order_id, product_id, quantity) VALUES (13, 'ONL-1008', 23, 3);
INSERT INTO ca_online_order_items (online_order_item_id, online_order_id, product_id, quantity) VALUES (14, 'ONL-1009', 12, 2);
INSERT INTO ca_online_order_items (online_order_item_id, online_order_id, product_id, quantity) VALUES (15, 'ONL-1010', 27, 1);
INSERT INTO ca_online_order_items (online_order_item_id, online_order_id, product_id, quantity) VALUES (16, 'ONL-1010', 34, 3);
INSERT INTO ca_online_order_items (online_order_item_id, online_order_id, product_id, quantity) VALUES (17, 'ONL-1011', 29, 1);
INSERT INTO ca_online_order_items (online_order_item_id, online_order_id, product_id, quantity) VALUES (18, 'ONL-1011', 24, 2);
INSERT INTO ca_online_order_items (online_order_item_id, online_order_id, product_id, quantity) VALUES (19, 'ONL-1011', 33, 3);
INSERT INTO ca_online_order_items (online_order_item_id, online_order_id, product_id, quantity) VALUES (20, 'ONL-1011', 38, 1);
INSERT INTO ca_online_order_items (online_order_item_id, online_order_id, product_id, quantity) VALUES (21, 'ONL-1012', 30, 2);
INSERT INTO ca_online_order_items (online_order_item_id, online_order_id, product_id, quantity) VALUES (22, 'ONL-1012', 2, 2);
INSERT INTO ca_online_order_items (online_order_item_id, online_order_id, product_id, quantity) VALUES (23, 'ONL-1012', 4, 2);
INSERT INTO ca_online_order_items (online_order_item_id, online_order_id, product_id, quantity) VALUES (24, 'ONL-1013', 29, 3);
INSERT INTO ca_online_order_items (online_order_item_id, online_order_id, product_id, quantity) VALUES (25, 'ONL-1013', 5, 1);
INSERT INTO ca_online_order_items (online_order_item_id, online_order_id, product_id, quantity) VALUES (26, 'ONL-1013', 6, 1);
INSERT INTO ca_online_order_items (online_order_item_id, online_order_id, product_id, quantity) VALUES (27, 'ONL-1013', 21, 1);
INSERT INTO ca_online_order_items (online_order_item_id, online_order_id, product_id, quantity) VALUES (28, 'ONL-1014', 25, 2);
INSERT INTO ca_online_order_items (online_order_item_id, online_order_id, product_id, quantity) VALUES (29, 'ONL-1014', 39, 2);
INSERT INTO ca_online_order_items (online_order_item_id, online_order_id, product_id, quantity) VALUES (30, 'ONL-1014', 34, 3);
INSERT INTO ca_online_order_items (online_order_item_id, online_order_id, product_id, quantity) VALUES (31, 'ONL-1015', 8, 3);

-- STATEMENTS
INSERT INTO ca_statements (statement_id, customer_id, period_start, period_end, generated_at) VALUES (1, 42, '2025-06-25', '2026-01-20', '2025-06-19 21:30:28');
INSERT INTO ca_statements (statement_id, customer_id, period_start, period_end, generated_at) VALUES (2, 57, '2026-01-12', '2026-01-17', '2025-05-20 22:34:13');
INSERT INTO ca_statements (statement_id, customer_id, period_start, period_end, generated_at) VALUES (3, 50, '2025-10-07', '2025-12-02', '2025-06-26 10:57:20');
INSERT INTO ca_statements (statement_id, customer_id, period_start, period_end, generated_at) VALUES (4, 36, '2026-02-05', '2026-03-07', '2025-11-06 18:52:03');
INSERT INTO ca_statements (statement_id, customer_id, period_start, period_end, generated_at) VALUES (5, 47, '2025-11-13', '2026-03-23', '2026-02-08 08:17:23');
INSERT INTO ca_statements (statement_id, customer_id, period_start, period_end, generated_at) VALUES (6, 56, '2025-07-28', '2025-10-28', '2025-07-22 17:03:38');
INSERT INTO ca_statements (statement_id, customer_id, period_start, period_end, generated_at) VALUES (7, 14, '2025-05-20', '2026-01-31', '2025-10-15 22:49:27');
INSERT INTO ca_statements (statement_id, customer_id, period_start, period_end, generated_at) VALUES (8, 28, '2025-06-19', '2025-11-26', '2025-07-22 05:17:02');
INSERT INTO ca_statements (statement_id, customer_id, period_start, period_end, generated_at) VALUES (9, 29, '2025-07-10', '2025-08-02', '2025-10-29 17:24:04');
INSERT INTO ca_statements (statement_id, customer_id, period_start, period_end, generated_at) VALUES (10, 57, '2025-11-10', '2025-12-14', '2025-11-25 15:05:28');
INSERT INTO ca_statements (statement_id, customer_id, period_start, period_end, generated_at) VALUES (11, 15, '2025-12-14', '2026-03-06', '2025-10-29 09:18:57');
INSERT INTO ca_statements (statement_id, customer_id, period_start, period_end, generated_at) VALUES (12, 27, '2025-10-04', '2025-10-13', '2025-08-08 06:35:27');
INSERT INTO ca_statements (statement_id, customer_id, period_start, period_end, generated_at) VALUES (13, 22, '2025-11-30', '2026-02-12', '2026-01-26 16:38:30');
INSERT INTO ca_statements (statement_id, customer_id, period_start, period_end, generated_at) VALUES (14, 53, '2025-10-15', '2025-12-15', '2025-12-22 22:28:37');
INSERT INTO ca_statements (statement_id, customer_id, period_start, period_end, generated_at) VALUES (15, 30, '2025-09-03', '2026-02-08', '2025-05-24 11:13:16');
INSERT INTO ca_statements (statement_id, customer_id, period_start, period_end, generated_at) VALUES (16, 26, '2025-07-20', '2025-12-13', '2025-06-06 22:17:18');
INSERT INTO ca_statements (statement_id, customer_id, period_start, period_end, generated_at) VALUES (17, 27, '2026-01-12', '2026-03-05', '2025-09-27 09:55:39');
INSERT INTO ca_statements (statement_id, customer_id, period_start, period_end, generated_at) VALUES (18, 47, '2025-06-27', '2025-09-22', '2025-07-22 07:28:43');
INSERT INTO ca_statements (statement_id, customer_id, period_start, period_end, generated_at) VALUES (19, 7, '2026-02-22', '2026-03-01', '2026-02-03 10:47:25');
INSERT INTO ca_statements (statement_id, customer_id, period_start, period_end, generated_at) VALUES (20, 21, '2025-09-21', '2026-03-17', '2025-04-18 21:30:22');

-- PAYMENT REMINDERS
INSERT INTO ca_payment_reminders (reminder_id, customer_id, reminder_type, generated_at, status) VALUES (1, 28, 'SMS', '2025-10-31 22:13:45', 'FAILED');
INSERT INTO ca_payment_reminders (reminder_id, customer_id, reminder_type, generated_at, status) VALUES (2, 17, 'SMS', '2025-09-03 18:50:42', 'GENERATED');
INSERT INTO ca_payment_reminders (reminder_id, customer_id, reminder_type, generated_at, status) VALUES (3, 44, 'SMS', '2025-09-05 06:32:48', 'GENERATED');
INSERT INTO ca_payment_reminders (reminder_id, customer_id, reminder_type, generated_at, status) VALUES (4, 6, 'EMAIL', '2025-10-29 22:42:04', 'GENERATED');
INSERT INTO ca_payment_reminders (reminder_id, customer_id, reminder_type, generated_at, status) VALUES (5, 28, 'EMAIL', '2025-10-19 08:17:38', 'FAILED');
INSERT INTO ca_payment_reminders (reminder_id, customer_id, reminder_type, generated_at, status) VALUES (6, 48, 'SMS', '2025-05-18 14:14:50', 'GENERATED');
INSERT INTO ca_payment_reminders (reminder_id, customer_id, reminder_type, generated_at, status) VALUES (7, 36, 'EMAIL', '2025-08-25 08:44:24', 'FAILED');
INSERT INTO ca_payment_reminders (reminder_id, customer_id, reminder_type, generated_at, status) VALUES (8, 36, 'LETTER', '2025-06-29 20:01:03', 'SENT');
INSERT INTO ca_payment_reminders (reminder_id, customer_id, reminder_type, generated_at, status) VALUES (9, 43, 'EMAIL', '2025-07-04 13:08:38', 'SENT');
INSERT INTO ca_payment_reminders (reminder_id, customer_id, reminder_type, generated_at, status) VALUES (10, 23, 'LETTER', '2025-06-14 11:38:52', 'SENT');
INSERT INTO ca_payment_reminders (reminder_id, customer_id, reminder_type, generated_at, status) VALUES (11, 56, 'LETTER', '2025-08-02 18:41:11', 'GENERATED');
INSERT INTO ca_payment_reminders (reminder_id, customer_id, reminder_type, generated_at, status) VALUES (12, 19, 'LETTER', '2025-12-03 16:08:51', 'SENT');
INSERT INTO ca_payment_reminders (reminder_id, customer_id, reminder_type, generated_at, status) VALUES (13, 23, 'EMAIL', '2025-04-27 05:24:07', 'FAILED');
INSERT INTO ca_payment_reminders (reminder_id, customer_id, reminder_type, generated_at, status) VALUES (14, 33, 'EMAIL', '2026-03-20 16:10:57', 'GENERATED');
INSERT INTO ca_payment_reminders (reminder_id, customer_id, reminder_type, generated_at, status) VALUES (15, 43, 'SMS', '2025-09-18 04:43:45', 'GENERATED');
INSERT INTO ca_payment_reminders (reminder_id, customer_id, reminder_type, generated_at, status) VALUES (16, 55, 'EMAIL', '2026-02-19 12:16:03', 'SENT');
INSERT INTO ca_payment_reminders (reminder_id, customer_id, reminder_type, generated_at, status) VALUES (17, 55, 'LETTER', '2025-08-18 15:06:18', 'SENT');
INSERT INTO ca_payment_reminders (reminder_id, customer_id, reminder_type, generated_at, status) VALUES (18, 8, 'SMS', '2025-05-02 10:14:20', 'FAILED');
INSERT INTO ca_payment_reminders (reminder_id, customer_id, reminder_type, generated_at, status) VALUES (19, 15, 'SMS', '2025-10-21 12:53:50', 'FAILED');
INSERT INTO ca_payment_reminders (reminder_id, customer_id, reminder_type, generated_at, status) VALUES (20, 50, 'LETTER', '2026-01-02 22:01:52', 'FAILED');

-- STOCK MOVEMENTS
INSERT INTO stock_movements (movement_id, product_id, change_amount, movement_type, reference_id, created_at) VALUES (1, 1, 55, 'INITIAL_STOCK', 'INIT-1', '2025-02-12 09:16:44');
INSERT INTO stock_movements (movement_id, product_id, change_amount, movement_type, reference_id, created_at) VALUES (2, 2, 202, 'INITIAL_STOCK', 'INIT-2', '2024-06-09 06:04:10');
INSERT INTO stock_movements (movement_id, product_id, change_amount, movement_type, reference_id, created_at) VALUES (3, 3, 75, 'INITIAL_STOCK', 'INIT-3', '2024-04-16 07:00:30');
INSERT INTO stock_movements (movement_id, product_id, change_amount, movement_type, reference_id, created_at) VALUES (4, 4, 108, 'INITIAL_STOCK', 'INIT-4', '2024-07-09 12:53:44');
INSERT INTO stock_movements (movement_id, product_id, change_amount, movement_type, reference_id, created_at) VALUES (5, 5, 26, 'INITIAL_STOCK', 'INIT-5', '2024-08-20 18:06:45');
INSERT INTO stock_movements (movement_id, product_id, change_amount, movement_type, reference_id, created_at) VALUES (6, 6, 176, 'INITIAL_STOCK', 'INIT-6', '2024-12-13 21:43:46');
INSERT INTO stock_movements (movement_id, product_id, change_amount, movement_type, reference_id, created_at) VALUES (7, 7, 291, 'INITIAL_STOCK', 'INIT-7', '2024-11-17 05:22:34');
INSERT INTO stock_movements (movement_id, product_id, change_amount, movement_type, reference_id, created_at) VALUES (8, 8, 193, 'INITIAL_STOCK', 'INIT-8', '2024-11-16 10:17:34');
INSERT INTO stock_movements (movement_id, product_id, change_amount, movement_type, reference_id, created_at) VALUES (9, 9, 178, 'INITIAL_STOCK', 'INIT-9', '2024-04-11 15:15:43');
INSERT INTO stock_movements (movement_id, product_id, change_amount, movement_type, reference_id, created_at) VALUES (10, 10, 95, 'INITIAL_STOCK', 'INIT-10', '2025-03-01 13:23:06');
INSERT INTO stock_movements (movement_id, product_id, change_amount, movement_type, reference_id, created_at) VALUES (11, 11, 94, 'INITIAL_STOCK', 'INIT-11', '2024-04-24 13:03:04');
INSERT INTO stock_movements (movement_id, product_id, change_amount, movement_type, reference_id, created_at) VALUES (12, 12, 165, 'INITIAL_STOCK', 'INIT-12', '2024-06-08 08:27:40');
INSERT INTO stock_movements (movement_id, product_id, change_amount, movement_type, reference_id, created_at) VALUES (13, 13, 62, 'INITIAL_STOCK', 'INIT-13', '2025-02-02 18:32:22');
INSERT INTO stock_movements (movement_id, product_id, change_amount, movement_type, reference_id, created_at) VALUES (14, 14, 176, 'INITIAL_STOCK', 'INIT-14', '2025-01-17 02:10:38');
INSERT INTO stock_movements (movement_id, product_id, change_amount, movement_type, reference_id, created_at) VALUES (15, 15, 98, 'INITIAL_STOCK', 'INIT-15', '2024-11-10 11:19:44');
INSERT INTO stock_movements (movement_id, product_id, change_amount, movement_type, reference_id, created_at) VALUES (16, 16, 231, 'INITIAL_STOCK', 'INIT-16', '2025-01-02 13:39:58');
INSERT INTO stock_movements (movement_id, product_id, change_amount, movement_type, reference_id, created_at) VALUES (17, 17, 246, 'INITIAL_STOCK', 'INIT-17', '2024-12-13 01:01:28');
INSERT INTO stock_movements (movement_id, product_id, change_amount, movement_type, reference_id, created_at) VALUES (18, 18, 190, 'INITIAL_STOCK', 'INIT-18', '2024-10-30 07:30:58');
INSERT INTO stock_movements (movement_id, product_id, change_amount, movement_type, reference_id, created_at) VALUES (19, 19, 284, 'INITIAL_STOCK', 'INIT-19', '2024-06-19 13:23:34');
INSERT INTO stock_movements (movement_id, product_id, change_amount, movement_type, reference_id, created_at) VALUES (20, 20, 149, 'INITIAL_STOCK', 'INIT-20', '2024-09-29 10:55:48');
INSERT INTO stock_movements (movement_id, product_id, change_amount, movement_type, reference_id, created_at) VALUES (21, 21, 39, 'INITIAL_STOCK', 'INIT-21', '2024-06-16 09:38:22');
INSERT INTO stock_movements (movement_id, product_id, change_amount, movement_type, reference_id, created_at) VALUES (22, 22, 16, 'INITIAL_STOCK', 'INIT-22', '2025-02-27 22:44:09');
INSERT INTO stock_movements (movement_id, product_id, change_amount, movement_type, reference_id, created_at) VALUES (23, 23, 106, 'INITIAL_STOCK', 'INIT-23', '2025-03-14 12:48:39');
INSERT INTO stock_movements (movement_id, product_id, change_amount, movement_type, reference_id, created_at) VALUES (24, 24, 229, 'INITIAL_STOCK', 'INIT-24', '2024-08-03 14:06:16');
INSERT INTO stock_movements (movement_id, product_id, change_amount, movement_type, reference_id, created_at) VALUES (25, 25, 72, 'INITIAL_STOCK', 'INIT-25', '2024-07-23 00:34:09');
INSERT INTO stock_movements (movement_id, product_id, change_amount, movement_type, reference_id, created_at) VALUES (26, 26, 223, 'INITIAL_STOCK', 'INIT-26', '2025-03-15 07:05:30');
INSERT INTO stock_movements (movement_id, product_id, change_amount, movement_type, reference_id, created_at) VALUES (27, 27, 118, 'INITIAL_STOCK', 'INIT-27', '2024-04-02 05:34:21');
INSERT INTO stock_movements (movement_id, product_id, change_amount, movement_type, reference_id, created_at) VALUES (28, 28, 47, 'INITIAL_STOCK', 'INIT-28', '2024-06-17 12:50:37');
INSERT INTO stock_movements (movement_id, product_id, change_amount, movement_type, reference_id, created_at) VALUES (29, 29, 234, 'INITIAL_STOCK', 'INIT-29', '2025-03-26 05:36:51');
INSERT INTO stock_movements (movement_id, product_id, change_amount, movement_type, reference_id, created_at) VALUES (30, 30, 237, 'INITIAL_STOCK', 'INIT-30', '2024-06-09 01:48:05');
INSERT INTO stock_movements (movement_id, product_id, change_amount, movement_type, reference_id, created_at) VALUES (31, 31, 288, 'INITIAL_STOCK', 'INIT-31', '2025-01-09 05:42:07');
INSERT INTO stock_movements (movement_id, product_id, change_amount, movement_type, reference_id, created_at) VALUES (32, 32, 247, 'INITIAL_STOCK', 'INIT-32', '2024-05-11 20:07:06');
INSERT INTO stock_movements (movement_id, product_id, change_amount, movement_type, reference_id, created_at) VALUES (33, 33, 121, 'INITIAL_STOCK', 'INIT-33', '2025-01-11 08:04:16');
INSERT INTO stock_movements (movement_id, product_id, change_amount, movement_type, reference_id, created_at) VALUES (34, 34, 106, 'INITIAL_STOCK', 'INIT-34', '2025-01-14 05:31:27');
INSERT INTO stock_movements (movement_id, product_id, change_amount, movement_type, reference_id, created_at) VALUES (35, 35, 181, 'INITIAL_STOCK', 'INIT-35', '2024-09-29 06:31:05');
INSERT INTO stock_movements (movement_id, product_id, change_amount, movement_type, reference_id, created_at) VALUES (36, 36, 230, 'INITIAL_STOCK', 'INIT-36', '2025-03-17 09:51:46');
INSERT INTO stock_movements (movement_id, product_id, change_amount, movement_type, reference_id, created_at) VALUES (37, 37, 132, 'INITIAL_STOCK', 'INIT-37', '2024-06-29 11:47:04');
INSERT INTO stock_movements (movement_id, product_id, change_amount, movement_type, reference_id, created_at) VALUES (38, 38, 0, 'INITIAL_STOCK', 'INIT-38', '2024-12-22 10:21:32');
INSERT INTO stock_movements (movement_id, product_id, change_amount, movement_type, reference_id, created_at) VALUES (39, 39, 236, 'INITIAL_STOCK', 'INIT-39', '2024-11-17 00:04:58');
INSERT INTO stock_movements (movement_id, product_id, change_amount, movement_type, reference_id, created_at) VALUES (40, 40, 124, 'INITIAL_STOCK', 'INIT-40', '2024-12-25 14:15:03');
INSERT INTO stock_movements (movement_id, product_id, change_amount, movement_type, reference_id, created_at) VALUES (41, 36, -10, 'DAMAGE', 'REF-36385', '2026-01-22 16:43:31');
INSERT INTO stock_movements (movement_id, product_id, change_amount, movement_type, reference_id, created_at) VALUES (42, 2, -5, 'DAMAGE', 'REF-46785', '2025-07-25 07:06:58');
INSERT INTO stock_movements (movement_id, product_id, change_amount, movement_type, reference_id, created_at) VALUES (43, 20, 19, 'DAMAGE', 'REF-45877', '2025-05-04 19:30:27');
INSERT INTO stock_movements (movement_id, product_id, change_amount, movement_type, reference_id, created_at) VALUES (44, 23, -10, 'RETURN', 'REF-75355', '2025-09-04 06:31:15');
INSERT INTO stock_movements (movement_id, product_id, change_amount, movement_type, reference_id, created_at) VALUES (45, 10, 8, 'RESTOCK', 'REF-09320', '2025-07-06 19:00:11');
INSERT INTO stock_movements (movement_id, product_id, change_amount, movement_type, reference_id, created_at) VALUES (46, 5, -6, 'ADJUSTMENT', 'REF-89964', '2025-05-25 16:59:22');
INSERT INTO stock_movements (movement_id, product_id, change_amount, movement_type, reference_id, created_at) VALUES (47, 6, 13, 'RETURN', 'REF-35369', '2026-02-14 03:54:56');
INSERT INTO stock_movements (movement_id, product_id, change_amount, movement_type, reference_id, created_at) VALUES (48, 25, 3, 'RESTOCK', 'REF-37854', '2026-01-17 23:26:56');
INSERT INTO stock_movements (movement_id, product_id, change_amount, movement_type, reference_id, created_at) VALUES (49, 22, -5, 'DAMAGE', 'REF-77725', '2025-06-01 06:04:58');
INSERT INTO stock_movements (movement_id, product_id, change_amount, movement_type, reference_id, created_at) VALUES (50, 20, 13, 'DAMAGE', 'REF-28728', '2025-12-01 18:30:35');
INSERT INTO stock_movements (movement_id, product_id, change_amount, movement_type, reference_id, created_at) VALUES (51, 37, 9, 'ADJUSTMENT', 'REF-08010', '2026-01-18 08:33:59');
INSERT INTO stock_movements (movement_id, product_id, change_amount, movement_type, reference_id, created_at) VALUES (52, 4, -6, 'RETURN', 'REF-06231', '2025-12-27 03:42:37');
INSERT INTO stock_movements (movement_id, product_id, change_amount, movement_type, reference_id, created_at) VALUES (53, 40, -9, 'ADJUSTMENT', 'REF-20387', '2025-08-19 10:53:41');
INSERT INTO stock_movements (movement_id, product_id, change_amount, movement_type, reference_id, created_at) VALUES (54, 18, 4, 'RESTOCK', 'REF-09977', '2025-04-02 15:02:34');
INSERT INTO stock_movements (movement_id, product_id, change_amount, movement_type, reference_id, created_at) VALUES (55, 32, 9, 'RESTOCK', 'REF-08860', '2025-04-03 00:18:40');
INSERT INTO stock_movements (movement_id, product_id, change_amount, movement_type, reference_id, created_at) VALUES (56, 27, -2, 'RETURN', 'REF-84840', '2025-10-08 13:24:17');
INSERT INTO stock_movements (movement_id, product_id, change_amount, movement_type, reference_id, created_at) VALUES (57, 33, -7, 'DAMAGE', 'REF-62118', '2025-05-24 08:14:14');
INSERT INTO stock_movements (movement_id, product_id, change_amount, movement_type, reference_id, created_at) VALUES (58, 28, -7, 'DAMAGE', 'REF-33984', '2026-02-07 02:45:39');
INSERT INTO stock_movements (movement_id, product_id, change_amount, movement_type, reference_id, created_at) VALUES (59, 38, 5, 'DAMAGE', 'REF-54615', '2025-09-01 04:51:43');
INSERT INTO stock_movements (movement_id, product_id, change_amount, movement_type, reference_id, created_at) VALUES (60, 3, -3, 'RESTOCK', 'REF-79334', '2025-12-18 04:08:32');
INSERT INTO stock_movements (movement_id, product_id, change_amount, movement_type, reference_id, created_at) VALUES (61, 39, -9, 'ADJUSTMENT', 'REF-10166', '2025-08-20 23:53:14');
INSERT INTO stock_movements (movement_id, product_id, change_amount, movement_type, reference_id, created_at) VALUES (62, 14, -1, 'RETURN', 'REF-87002', '2025-04-28 15:06:09');
INSERT INTO stock_movements (movement_id, product_id, change_amount, movement_type, reference_id, created_at) VALUES (63, 9, 14, 'DAMAGE', 'REF-76591', '2026-03-10 00:28:14');
INSERT INTO stock_movements (movement_id, product_id, change_amount, movement_type, reference_id, created_at) VALUES (64, 19, 0, 'ADJUSTMENT', 'REF-80339', '2025-09-28 04:23:46');
INSERT INTO stock_movements (movement_id, product_id, change_amount, movement_type, reference_id, created_at) VALUES (65, 1, 5, 'RESTOCK', 'REF-40148', '2025-11-01 08:42:17');
INSERT INTO stock_movements (movement_id, product_id, change_amount, movement_type, reference_id, created_at) VALUES (66, 12, -6, 'RESTOCK', 'REF-02503', '2025-11-10 11:59:07');
INSERT INTO stock_movements (movement_id, product_id, change_amount, movement_type, reference_id, created_at) VALUES (67, 35, 12, 'RETURN', 'REF-26142', '2025-11-01 12:53:01');
INSERT INTO stock_movements (movement_id, product_id, change_amount, movement_type, reference_id, created_at) VALUES (68, 33, 7, 'DAMAGE', 'REF-39685', '2025-08-23 14:07:05');
INSERT INTO stock_movements (movement_id, product_id, change_amount, movement_type, reference_id, created_at) VALUES (69, 5, 2, 'ADJUSTMENT', 'REF-21850', '2025-05-04 10:54:35');
INSERT INTO stock_movements (movement_id, product_id, change_amount, movement_type, reference_id, created_at) VALUES (70, 28, -10, 'RESTOCK', 'REF-63159', '2026-01-20 04:03:51');
INSERT INTO stock_movements (movement_id, product_id, change_amount, movement_type, reference_id, created_at) VALUES (71, 5, 17, 'DAMAGE', 'REF-99650', '2025-11-28 18:51:59');
INSERT INTO stock_movements (movement_id, product_id, change_amount, movement_type, reference_id, created_at) VALUES (72, 37, 3, 'RESTOCK', 'REF-47735', '2025-10-28 07:05:50');
INSERT INTO stock_movements (movement_id, product_id, change_amount, movement_type, reference_id, created_at) VALUES (73, 27, -1, 'ADJUSTMENT', 'REF-66296', '2025-04-29 19:08:21');
INSERT INTO stock_movements (movement_id, product_id, change_amount, movement_type, reference_id, created_at) VALUES (74, 26, -10, 'DAMAGE', 'REF-94311', '2025-07-09 14:05:33');
INSERT INTO stock_movements (movement_id, product_id, change_amount, movement_type, reference_id, created_at) VALUES (75, 11, 15, 'RESTOCK', 'REF-26265', '2025-08-14 14:22:55');
INSERT INTO stock_movements (movement_id, product_id, change_amount, movement_type, reference_id, created_at) VALUES (76, 24, -8, 'RESTOCK', 'REF-11047', '2025-08-14 07:05:11');
INSERT INTO stock_movements (movement_id, product_id, change_amount, movement_type, reference_id, created_at) VALUES (77, 7, -3, 'RESTOCK', 'REF-41212', '2025-09-10 21:25:56');
INSERT INTO stock_movements (movement_id, product_id, change_amount, movement_type, reference_id, created_at) VALUES (78, 38, 2, 'ADJUSTMENT', 'REF-78886', '2025-05-06 15:10:19');
INSERT INTO stock_movements (movement_id, product_id, change_amount, movement_type, reference_id, created_at) VALUES (79, 26, 17, 'DAMAGE', 'REF-01581', '2025-11-14 08:09:08');
INSERT INTO stock_movements (movement_id, product_id, change_amount, movement_type, reference_id, created_at) VALUES (80, 22, -3, 'DAMAGE', 'REF-95604', '2025-09-04 05:24:05');
INSERT INTO stock_movements (movement_id, product_id, change_amount, movement_type, reference_id, created_at) VALUES (81, 11, -8, 'ADJUSTMENT', 'REF-61839', '2025-10-15 21:27:30');
INSERT INTO stock_movements (movement_id, product_id, change_amount, movement_type, reference_id, created_at) VALUES (82, 34, 6, 'RETURN', 'REF-26224', '2025-07-22 11:09:32');
INSERT INTO stock_movements (movement_id, product_id, change_amount, movement_type, reference_id, created_at) VALUES (83, 23, 1, 'RETURN', 'REF-47212', '2025-09-12 07:53:19');
INSERT INTO stock_movements (movement_id, product_id, change_amount, movement_type, reference_id, created_at) VALUES (84, 16, -7, 'RETURN', 'REF-46471', '2025-08-14 18:20:25');
INSERT INTO stock_movements (movement_id, product_id, change_amount, movement_type, reference_id, created_at) VALUES (85, 17, -4, 'RETURN', 'REF-43799', '2025-06-11 11:03:13');
INSERT INTO stock_movements (movement_id, product_id, change_amount, movement_type, reference_id, created_at) VALUES (86, 39, -6, 'ADJUSTMENT', 'REF-71240', '2025-08-28 04:31:43');
INSERT INTO stock_movements (movement_id, product_id, change_amount, movement_type, reference_id, created_at) VALUES (87, 12, 20, 'RESTOCK', 'REF-59657', '2025-08-04 12:22:47');
INSERT INTO stock_movements (movement_id, product_id, change_amount, movement_type, reference_id, created_at) VALUES (88, 30, 14, 'RESTOCK', 'REF-69245', '2025-11-16 18:44:55');
INSERT INTO stock_movements (movement_id, product_id, change_amount, movement_type, reference_id, created_at) VALUES (89, 37, 10, 'DAMAGE', 'REF-37526', '2025-07-29 10:59:27');
INSERT INTO stock_movements (movement_id, product_id, change_amount, movement_type, reference_id, created_at) VALUES (90, 21, -6, 'RESTOCK', 'REF-47935', '2025-08-20 13:30:06');
INSERT INTO stock_movements (movement_id, product_id, change_amount, movement_type, reference_id, created_at) VALUES (91, 5, 5, 'RESTOCK', 'REF-46519', '2025-06-13 02:41:01');
INSERT INTO stock_movements (movement_id, product_id, change_amount, movement_type, reference_id, created_at) VALUES (92, 20, 15, 'DAMAGE', 'REF-98280', '2026-01-03 22:31:55');
INSERT INTO stock_movements (movement_id, product_id, change_amount, movement_type, reference_id, created_at) VALUES (93, 38, -9, 'DAMAGE', 'REF-73741', '2026-02-08 13:43:28');
INSERT INTO stock_movements (movement_id, product_id, change_amount, movement_type, reference_id, created_at) VALUES (94, 33, -8, 'DAMAGE', 'REF-67243', '2025-07-03 15:34:34');
INSERT INTO stock_movements (movement_id, product_id, change_amount, movement_type, reference_id, created_at) VALUES (95, 30, 4, 'ADJUSTMENT', 'REF-26617', '2025-11-14 17:33:34');
INSERT INTO stock_movements (movement_id, product_id, change_amount, movement_type, reference_id, created_at) VALUES (96, 4, 1, 'DAMAGE', 'REF-79688', '2026-03-21 04:00:59');
INSERT INTO stock_movements (movement_id, product_id, change_amount, movement_type, reference_id, created_at) VALUES (97, 5, 10, 'ADJUSTMENT', 'REF-68058', '2025-11-13 03:12:54');
INSERT INTO stock_movements (movement_id, product_id, change_amount, movement_type, reference_id, created_at) VALUES (98, 40, 9, 'RESTOCK', 'REF-11352', '2025-12-03 18:53:16');
INSERT INTO stock_movements (movement_id, product_id, change_amount, movement_type, reference_id, created_at) VALUES (99, 30, 8, 'ADJUSTMENT', 'REF-90965', '2026-01-30 17:49:25');
INSERT INTO stock_movements (movement_id, product_id, change_amount, movement_type, reference_id, created_at) VALUES (100, 29, 19, 'RETURN', 'REF-61014', '2025-06-21 17:36:44');
INSERT INTO stock_movements (movement_id, product_id, change_amount, movement_type, reference_id, created_at) VALUES (101, 21, 9, 'RESTOCK', 'REF-88899', '2025-06-21 08:34:38');
INSERT INTO stock_movements (movement_id, product_id, change_amount, movement_type, reference_id, created_at) VALUES (102, 33, -6, 'ADJUSTMENT', 'REF-75679', '2025-12-20 15:45:15');
INSERT INTO stock_movements (movement_id, product_id, change_amount, movement_type, reference_id, created_at) VALUES (103, 29, -7, 'DAMAGE', 'REF-82507', '2025-05-07 02:52:58');
INSERT INTO stock_movements (movement_id, product_id, change_amount, movement_type, reference_id, created_at) VALUES (104, 6, 6, 'RETURN', 'REF-46112', '2025-08-09 19:04:14');
INSERT INTO stock_movements (movement_id, product_id, change_amount, movement_type, reference_id, created_at) VALUES (105, 3, -3, 'RESTOCK', 'REF-45738', '2025-10-01 01:36:31');
INSERT INTO stock_movements (movement_id, product_id, change_amount, movement_type, reference_id, created_at) VALUES (106, 29, 6, 'RETURN', 'REF-57177', '2025-07-29 08:51:50');
INSERT INTO stock_movements (movement_id, product_id, change_amount, movement_type, reference_id, created_at) VALUES (107, 24, 1, 'DAMAGE', 'REF-14010', '2026-02-20 07:20:36');
INSERT INTO stock_movements (movement_id, product_id, change_amount, movement_type, reference_id, created_at) VALUES (108, 25, 3, 'DAMAGE', 'REF-51238', '2025-06-03 06:26:03');
INSERT INTO stock_movements (movement_id, product_id, change_amount, movement_type, reference_id, created_at) VALUES (109, 39, -9, 'DAMAGE', 'REF-82586', '2025-09-22 23:04:08');
INSERT INTO stock_movements (movement_id, product_id, change_amount, movement_type, reference_id, created_at) VALUES (110, 5, 0, 'ADJUSTMENT', 'REF-36226', '2025-08-28 03:30:26');
INSERT INTO stock_movements (movement_id, product_id, change_amount, movement_type, reference_id, created_at) VALUES (111, 36, 11, 'RESTOCK', 'REF-09379', '2025-09-10 08:08:05');
INSERT INTO stock_movements (movement_id, product_id, change_amount, movement_type, reference_id, created_at) VALUES (112, 19, -2, 'RETURN', 'REF-60334', '2026-01-13 16:35:38');
INSERT INTO stock_movements (movement_id, product_id, change_amount, movement_type, reference_id, created_at) VALUES (113, 22, -8, 'RETURN', 'REF-19182', '2025-08-16 13:51:01');
INSERT INTO stock_movements (movement_id, product_id, change_amount, movement_type, reference_id, created_at) VALUES (114, 23, -1, 'RESTOCK', 'REF-53714', '2025-12-12 23:48:09');
INSERT INTO stock_movements (movement_id, product_id, change_amount, movement_type, reference_id, created_at) VALUES (115, 9, 9, 'ADJUSTMENT', 'REF-78596', '2025-11-19 22:13:10');
INSERT INTO stock_movements (movement_id, product_id, change_amount, movement_type, reference_id, created_at) VALUES (116, 20, 7, 'RESTOCK', 'REF-69155', '2026-02-18 21:12:33');
INSERT INTO stock_movements (movement_id, product_id, change_amount, movement_type, reference_id, created_at) VALUES (117, 22, 16, 'RETURN', 'REF-79249', '2025-11-11 17:10:48');
INSERT INTO stock_movements (movement_id, product_id, change_amount, movement_type, reference_id, created_at) VALUES (118, 34, -8, 'RESTOCK', 'REF-12513', '2025-07-24 02:45:36');
INSERT INTO stock_movements (movement_id, product_id, change_amount, movement_type, reference_id, created_at) VALUES (119, 33, 1, 'ADJUSTMENT', 'REF-12528', '2025-08-25 09:09:08');
INSERT INTO stock_movements (movement_id, product_id, change_amount, movement_type, reference_id, created_at) VALUES (120, 24, -1, 'RETURN', 'REF-69296', '2025-09-07 19:25:10');

